Unnamed: 0,weight,prod_distance,time_delivery,target
2033,19.0,2680.0,2.0,574806.6076797519
1233,46.0,2074.0,2.0,642031.5212369472
1657,64.0,2913.0,6.0,793390.5704500827
3278,1.0,1731.0,8.0,486723.602182472
2203,1.0,2680.0,14.0,489076.2076797519
4289,28.0,1783.0,11.0,601628.3058336186
1441,73.0,2231.0,4.0,714360.2340008646
875,37.0,2105.0,14.0,606846.2537311212
4751,46.0,2488.0,6.0,649061.8524644242
30,82.0,1467.0,7.0,798736.4702069425
4521,46.0,1797.0,4.0,667334.9381415535
2101,19.0,1567.0,1.0,589098.9949412772
1507,64.0,1928.0,7.0,707911.8691183892
94,10.0,1161.0,4.0,556675.6449294311
4092,82.0,1459.0,13.0,798220.2239110986
1523,64.0,1237.0,9.0,760255.6318052801
3128,37.0,2936.0,11.0,713193.7708572765
4468,55.0,1567.0,3.0,721639.1149412772
4741,55.0,2163.0,3.0,666737.7825970788
1431,46.0,1734.0,13.0,673143.3166874629
1994,46.0,2796.0,1.0,705551.8812148325
626,82.0,2163.0,2.0,735784.7925970787
4116,1.0,2043.0,9.0,455490.35272441007
4510,37.0,1335.0,10.0,675093.2653672725
2314,73.0,2074.0,5.0,719568.5012369471
2589,37.0,2796.0,13.0,672234.2412148325
231,46.0,1772.0,3.0,670232.4733498312
4135,28.0,2501.0,10.0,583451.0699192637
2337,10.0,2163.0,6.0,493171.43259707873
3543,73.0,2501.0,3.0,728585.5199192637
2751,55.0,1567.0,9.0,720991.1149412772
2189,1.0,2471.0,8.0,459007.0523521411
4574,19.0,2471.0,10.0,542647.832352141
427,37.0,1797.0,5.0,635538.2081415536
3830,10.0,2936.0,5.0,601107.0508572765
2656,73.0,2913.0,4.0,816638.7404500827
107,37.0,2043.0,1.0,612321.8327244101
701,37.0,2231.0,7.0,604540.0740008645
1445,73.0,2074.0,9.0,719064.5012369471
874,10.0,2074.0,7.0,497167.8812369472
4016,28.0,2700.0,6.0,616260.1314326305
1654,82.0,2135.0,5.0,736586.8579669729
1900,37.0,2098.0,13.0,607450.7253577651
2381,1.0,1567.0,9.0,504576.9349412772
4010,37.0,1772.0,5.0,638374.9933498312
4106,55.0,2501.0,7.0,679247.3399192637
3616,10.0,1346.0,12.0,561972.2169504637
577,1.0,2680.0,9.0,490111.2076797519
2471,46.0,1567.0,2.0,692905.0849412772
1250,1.0,1467.0,13.0,512482.20020694257
4474,28.0,2913.0,1.0,672272.8904500827
674,37.0,1783.0,8.0,636771.7758336186
587,55.0,1772.0,7.0,698669.9533498312
2775,28.0,2043.0,5.0,577451.9627244101
3622,46.0,2074.0,8.0,641491.5212369472
501,64.0,2488.0,12.0,702897.6924644242
2417,10.0,1284.0,7.0,563122.4518735134
1218,64.0,2471.0,2.0,702393.7823521411
3960,10.0,1731.0,14.0,528909.3921824719
4051,19.0,1346.0,4.0,603547.3569504637
2931,55.0,2105.0,10.0,668281.1537311212
4519,82.0,2043.0,9.0,741131.1827244101
3229,55.0,2936.0,9.0,774274.2508572766
356,64.0,2936.0,3.0,800908.4908572766
1448,37.0,2471.0,8.0,615272.6123521412
3274,19.0,2631.0,14.0,563829.9979983787
1318,28.0,2028.0,2.0,578709.0247340297
56,19.0,1772.0,2.0,566389.0333498312
2292,73.0,2105.0,14.0,716324.0537311212
4626,82.0,2488.0,12.0,746041.5324644243
659,55.0,1284.0,8.0,735915.2518735133
4359,1.0,1772.0,13.0,481065.0733498312
4399,1.0,2043.0,6.0,455895.35272441007
3518,28.0,1161.0,8.0,634140.6249294311
522,1.0,2471.0,2.0,459547.0523521411
1753,82.0,1346.0,11.0,803916.3369504637
4696,19.0,1772.0,1.0,566416.0333498312
950,28.0,2028.0,12.0,577449.0247340297
2937,28.0,2135.0,14.0,570814.957966973
2113,37.0,2913.0,2.0,706978.0604500828
3317,46.0,2028.0,8.0,644558.0647340297
3530,73.0,2028.0,7.0,722406.6247340296
3447,28.0,1237.0,5.0,639930.31180528
1134,73.0,2796.0,6.0,783157.8012148325
608,1.0,2098.0,8.0,452264.44535776513
3277,37.0,2936.0,8.0,713706.7708572765
279,37.0,1734.0,1.0,642945.2566874628
2911,1.0,1237.0,7.0,518474.3218052801
2593,55.0,1459.0,7.0,730488.2939110985
3494,55.0,2043.0,2.0,672854.5727244101
143,46.0,1731.0,6.0,674684.552182472
3401,1.0,1237.0,4.0,518771.3218052801
2229,37.0,1161.0,1.0,669282.1149294311
1337,46.0,2680.0,6.0,678652.207679752
3696,64.0,2488.0,3.0,704112.6924644242
3289,82.0,2488.0,5.0,747112.5324644243
3439,10.0,2796.0,5.0,560617.3212148325
1340,55.0,1731.0,13.0,702281.342182472
3378,82.0,2700.0,13.0,779601.1314326304
4807,55.0,2471.0,6.0,676161.3923521412
91,28.0,1237.0,3.0,640074.31180528
2306,64.0,1237.0,13.0,759463.6318052801
3500,82.0,2680.0,11.0,775908.007679752
766,64.0,2135.0,7.0,693290.5579669729
199,28.0,1928.0,11.0,586185.7891183892
1382,19.0,2796.0,4.0,601251.9612148325
4630,64.0,1797.0,10.0,721262.3981415535
4213,1.0,1772.0,14.0,480822.0733498312
370,37.0,2135.0,14.0,605477.1079669729
3712,19.0,2680.0,11.0,573753.6076797519
2492,1.0,2501.0,1.0,462760.7999192636
1611,1.0,1459.0,1.0,514564.4339110986
1257,10.0,2913.0,9.0,593340.5504500828
3481,46.0,1284.0,10.0,706837.6918735134
2713,73.0,2913.0,14.0,815018.7404500827
3958,73.0,1335.0,4.0,785049.8653672726
3680,73.0,2501.0,12.0,727370.5199192637
2187,82.0,1797.0,12.0,763885.8581415537
3017,28.0,2631.0,11.0,602127.7879983787
751,46.0,1335.0,11.0,706578.4153672726
3178,73.0,2501.0,7.0,728225.5199192637
3299,73.0,2700.0,2.0,760953.1314326304
2744,55.0,1284.0,1.0,736482.2518735133
714,10.0,2700.0,11.0,537321.1314326305
1514,28.0,2680.0,4.0,612325.807679752
4064,19.0,2074.0,5.0,537872.5412369472
2473,1.0,1734.0,3.0,486873.01668746286
1411,19.0,2043.0,3.0,540026.0927244101
2779,28.0,1459.0,1.0,635864.3639110986
4496,1.0,1459.0,6.0,514249.4339110986
2820,55.0,2471.0,4.0,676341.3923521412
2338,55.0,2476.0,11.0,675900.4987274453
1793,73.0,1237.0,11.0,782812.9618052801
3441,19.0,2936.0,9.0,641169.2908572765
3414,19.0,2163.0,9.0,533263.1025970788
488,46.0,1772.0,11.0,669224.4733498312
2413,10.0,1783.0,6.0,524384.3658336187
4339,19.0,2118.0,5.0,535518.4124994893
2707,28.0,1804.0,5.0,600118.2118136714
3183,28.0,1467.0,11.0,634216.2902069426
4832,55.0,1797.0,11.0,695189.6681415535
3519,19.0,2231.0,7.0,532282.4940008646
856,1.0,1335.0,6.0,519812.66536727257
1371,19.0,1928.0,5.0,549490.2691183892
3744,64.0,1459.0,3.0,756701.6039110986
4127,10.0,2501.0,14.0,504448.8899192636
2772,46.0,1804.0,12.0,665395.9318136714
3507,28.0,2028.0,11.0,577656.0247340297
4644,73.0,1335.0,5.0,784968.8653672726
1161,46.0,2700.0,10.0,682194.1314326305
2952,82.0,2913.0,9.0,836205.9104500827
1792,1.0,2796.0,9.0,516643.6812148326
819,55.0,2913.0,11.0,766641.4004500827
1966,10.0,2700.0,10.0,537510.1314326305
1666,46.0,2488.0,13.0,647864.8524644242
1945,46.0,1734.0,8.0,674088.3166874629
4302,73.0,1783.0,4.0,746565.6558336186
1886,82.0,2631.0,13.0,766196.5279983788
2305,46.0,2098.0,14.0,638950.545357765
3525,55.0,2416.0,12.0,670419.1323281042
404,1.0,1797.0,1.0,479731.2881415536
593,82.0,2118.0,13.0,736022.7524994892
3262,82.0,1731.0,7.0,772246.712182472
2107,10.0,1772.0,11.0,524874.5533498311
2466,10.0,2913.0,2.0,594033.5504500828
3661,37.0,2680.0,12.0,645885.007679752
687,55.0,1772.0,8.0,698534.9533498312
1878,28.0,1797.0,1.0,601122.4781415536
4526,37.0,2118.0,5.0,607755.6524994893
4103,10.0,1731.0,13.0,529152.3921824719
733,55.0,2476.0,4.0,676845.4987274453
1265,10.0,1567.0,2.0,548628.9649412772
4345,46.0,1346.0,6.0,707140.7769504638
1982,37.0,2680.0,2.0,647145.007679752
604,82.0,1783.0,3.0,766679.1258336187
3896,1.0,2043.0,3.0,456138.35272441007
2007,28.0,1731.0,5.0,608447.972182472
1032,28.0,1731.0,11.0,607583.972182472
3212,73.0,2913.0,2.0,816746.7404500827
161,10.0,2163.0,11.0,492406.43259707873
2767,73.0,1346.0,5.0,784769.1969504637
1580,73.0,2135.0,13.0,715208.707966973
89,10.0,2796.0,7.0,560401.3212148325
19,1.0,2105.0,7.0,452035.4537311212
3258,82.0,2074.0,5.0,739645.1612369472
658,19.0,2416.0,8.0,538221.3723281042
3536,64.0,2471.0,1.0,702420.7823521411
3329,64.0,2476.0,10.0,702034.3387274452
1225,46.0,2476.0,14.0,646364.6587274452
4354,82.0,1797.0,13.0,763660.8581415537
2153,10.0,2416.0,1.0,498268.9323281041
205,28.0,1284.0,3.0,641401.5718735134
4265,19.0,1734.0,12.0,569490.1366874628
1352,46.0,2118.0,13.0,638204.2724994892
3902,73.0,2118.0,6.0,717139.1324994892
2962,1.0,2476.0,13.0,458563.4587274453
2627,1.0,2936.0,5.0,557624.8108572764
2764,28.0,2163.0,10.0,570672.7725970788
3197,55.0,2796.0,3.0,734369.5212148326
3670,37.0,1928.0,3.0,621837.3091183892
4250,1.0,2163.0,1.0,450073.7625970788
3468,10.0,2118.0,5.0,495025.7924994892
3116,55.0,1284.0,12.0,735195.2518735133
1479,46.0,2471.0,13.0,646104.0023521412
2157,64.0,2476.0,1.0,702925.3387274452
364,82.0,1804.0,4.0,764253.3718136714
3298,46.0,2074.0,7.0,641626.5212369472
3550,19.0,2231.0,1.0,532714.4940008646
816,46.0,2231.0,14.0,634971.8640008646
1998,10.0,1772.0,13.0,524442.5533498311
4312,37.0,2074.0,2.0,610290.8612369471
2451,64.0,2028.0,1.0,699850.1047340297
3714,73.0,2105.0,3.0,718007.0537311212
4334,64.0,1783.0,12.0,722447.1858336186
1897,73.0,2471.0,10.0,724558.172352141
3380,19.0,2105.0,4.0,536231.3537311212
4806,37.0,2135.0,9.0,606512.1079669729
3170,10.0,2913.0,6.0,593745.5504500828
4349,46.0,2680.0,9.0,678247.207679752
329,73.0,1731.0,10.0,751741.922182472
4685,82.0,1731.0,2.0,772651.712182472
3695,28.0,2135.0,8.0,572002.957966973
3600,10.0,2501.0,2.0,506176.8899192636
1770,10.0,2098.0,2.0,496211.26535776514
2960,73.0,1161.0,13.0,776908.0749294312
4258,19.0,2936.0,2.0,641862.2908572765
2759,28.0,2501.0,2.0,584315.0699192637
1231,82.0,1804.0,11.0,763308.3718136714
619,1.0,2028.0,9.0,456562.4647340298
4191,64.0,2118.0,11.0,693377.5124994892
1300,37.0,2043.0,3.0,612249.8327244101
3293,28.0,1928.0,14.0,585510.7891183892
4555,1.0,1467.0,8.0,513427.20020694257
2202,37.0,2416.0,2.0,611052.2523281042
735,19.0,2135.0,13.0,533479.8079669729
2388,28.0,1772.0,3.0,603889.5133498312
4114,10.0,1335.0,13.0,561953.8153672726
2172,64.0,2471.0,13.0,700908.7823521411
3426,64.0,1772.0,13.0,723471.4333498311
549,73.0,2680.0,8.0,756289.807679752
2376,1.0,1804.0,12.0,477654.1318136714
3861,46.0,2028.0,2.0,645098.0647340297
774,64.0,1237.0,14.0,759220.6318052801
1699,73.0,1734.0,1.0,752289.4966874628
3991,19.0,1772.0,14.0,564661.0333498312
3294,46.0,1783.0,5.0,668837.2458336187
449,82.0,1567.0,4.0,790417.2049412772
2754,19.0,2913.0,12.0,633337.7204500827
3559,1.0,2163.0,4.0,449938.7625970788
1758,10.0,1734.0,11.0,529239.0766874629
2769,82.0,1567.0,2.0,790525.2049412772
3560,46.0,2680.0,5.0,678751.207679752
3583,46.0,2936.0,10.0,745201.0108572766
2895,10.0,1284.0,12.0,562267.4518735134
4401,19.0,1237.0,4.0,602513.9818052801
1081,37.0,2231.0,10.0,604081.0740008645
4,37.0,1335.0,3.0,675912.2653672725
2663,37.0,2913.0,3.0,706933.0604500828
979,82.0,1928.0,14.0,749631.9091183891
233,82.0,2043.0,5.0,741635.1827244101
142,82.0,1734.0,5.0,772119.5566874628
2359,73.0,2231.0,6.0,714180.2340008646
1952,46.0,2074.0,6.0,641743.5212369472
188,64.0,2118.0,14.0,692702.5124994892
4475,73.0,2043.0,7.0,721345.3127244101
3999,28.0,2231.0,5.0,570085.2840008646
162,82.0,2098.0,10.0,737625.8253577651
1749,37.0,2416.0,7.0,610647.2523281042
812,64.0,1731.0,9.0,728951.1321824719
1173,37.0,1161.0,13.0,667770.1149294311
4024,37.0,2796.0,5.0,673530.2412148325
50,28.0,2105.0,9.0,573221.8037311212
865,19.0,1928.0,14.0,547951.2691183892
4428,28.0,1804.0,8.0,599767.2118136714
2770,19.0,2028.0,11.0,540087.5047340296
1509,28.0,2471.0,11.0,580067.222352141
3365,10.0,2098.0,14.0,494483.26535776514
177,55.0,1567.0,8.0,721144.1149412772
424,55.0,1783.0,14.0,696096.7158336187
1706,28.0,2163.0,1.0,571563.7725970788
2929,64.0,2416.0,14.0,695890.5723281042
3826,73.0,1284.0,6.0,784926.3718735133
3050,82.0,2098.0,13.0,737004.8253577651
158,82.0,1467.0,14.0,797413.4702069425
667,73.0,1783.0,2.0,746673.6558336186
1882,28.0,2098.0,13.0,572791.905357765
1135,82.0,1797.0,4.0,765037.8581415537
2818,28.0,2913.0,8.0,671705.8904500827
1956,1.0,1335.0,13.0,518615.66536727257
4235,55.0,1797.0,10.0,695378.6681415535
489,82.0,1161.0,5.0,798198.5649294312
1016,10.0,2936.0,7.0,600891.0508572765
4027,1.0,2028.0,12.0,455995.4647340298
971,64.0,1346.0,4.0,761923.0569504637
4732,10.0,2501.0,10.0,505312.8899192636
3950,73.0,1459.0,13.0,778198.9139110985
2833,1.0,2796.0,12.0,516076.6812148326
3802,1.0,1237.0,3.0,518834.3218052801
3359,64.0,1928.0,12.0,707056.8691183892
611,55.0,2098.0,9.0,668812.3653577651
4865,37.0,2098.0,1.0,608962.7253577651
2036,55.0,1772.0,2.0,699074.9533498312
4318,64.0,2471.0,9.0,701700.7823521411
3093,1.0,2105.0,14.0,450712.4537311212
138,46.0,1237.0,6.0,706077.9718052801
2249,64.0,1161.0,9.0,754789.5849294312
4834,73.0,2501.0,8.0,728090.5199192637
1969,37.0,2105.0,4.0,608466.2537311212
1472,1.0,1346.0,10.0,519029.07695046376
2580,46.0,2135.0,11.0,637898.2579669729
4777,28.0,2700.0,14.0,614820.1314326305
1004,28.0,2105.0,8.0,573374.8037311212
4367,55.0,1237.0,14.0,733387.30180528
1597,19.0,2680.0,12.0,573546.6076797519
2205,82.0,1335.0,5.0,804979.0153672725
2486,73.0,2074.0,2.0,719757.5012369471
1812,19.0,1567.0,4.0,588963.9949412772
4846,1.0,1783.0,10.0,480429.8958336187
817,73.0,2700.0,10.0,760089.1314326304
1394,82.0,1459.0,9.0,799012.2239110986
3168,64.0,2796.0,10.0,759524.1612148324
718,1.0,1928.0,6.0,465524.22911838925
4634,82.0,1928.0,2.0,751359.9091183891
3362,37.0,1335.0,8.0,675417.2653672725
3793,46.0,2098.0,10.0,639814.545357765
3304,82.0,1783.0,1.0,766751.1258336187
4243,10.0,1567.0,6.0,548340.9649412772
354,82.0,2416.0,4.0,740641.4523281042
3959,46.0,1928.0,9.0,652916.8291183892
2788,10.0,1928.0,3.0,509158.7491183892
1126,73.0,2105.0,1.0,718079.0537311212
308,46.0,2028.0,9.0,644405.0647340297
834,64.0,1161.0,13.0,753997.5849294312
2505,28.0,1734.0,5.0,608103.1966874629
4376,37.0,2098.0,12.0,607675.7253577651
3907,10.0,1772.0,4.0,525819.5533498311
2296,19.0,2416.0,13.0,537276.3723281042
1608,82.0,1467.0,4.0,799033.4702069425
760,19.0,2028.0,7.0,540735.5047340296
2815,73.0,2028.0,9.0,722118.6247340296
2131,1.0,1459.0,9.0,513844.4339110986
1223,37.0,2231.0,13.0,603460.0740008645
4171,37.0,2471.0,6.0,615524.6123521412
713,64.0,2043.0,5.0,698571.4427244101
2634,82.0,1335.0,6.0,804880.0153672725
282,28.0,1928.0,9.0,586545.7891183892
1851,55.0,2796.0,13.0,732929.5212148326
2342,73.0,2501.0,6.0,728342.5199192637
4740,37.0,1804.0,8.0,634399.5718136714
3842,10.0,1772.0,6.0,525639.5533498311
1629,28.0,2488.0,10.0,582014.0124644242
3221,82.0,1928.0,11.0,750306.9091183891
2681,82.0,1335.0,14.0,803440.0153672725
2674,82.0,1237.0,11.0,802814.29180528
394,55.0,2680.0,7.0,707414.407679752
4146,10.0,2163.0,4.0,493351.43259707873
689,64.0,2028.0,13.0,698338.1047340297
1950,55.0,2135.0,10.0,666917.4079669729
1310,55.0,1237.0,3.0,735070.30180528
4837,10.0,1346.0,2.0,563232.2169504637
459,55.0,1928.0,12.0,681161.3491183892
3437,37.0,1567.0,5.0,661021.0549412773
3889,46.0,2501.0,9.0,650096.2499192636
1501,55.0,2105.0,6.0,668857.1537311212
2035,82.0,1567.0,7.0,790120.2049412772
2415,73.0,1783.0,9.0,745980.6558336186
505,1.0,2074.0,3.0,454123.2212369471
1058,46.0,2488.0,3.0,649304.8524644242
2918,19.0,2680.0,7.0,574401.6076797519
756,82.0,1804.0,2.0,764361.3718136714
70,37.0,2105.0,2.0,608574.2537311212
498,64.0,2416.0,13.0,696133.5723281042
1777,10.0,1237.0,5.0,562019.65180528
1450,64.0,1161.0,1.0,755509.5849294312
4754,73.0,2028.0,12.0,721551.6247340296
4584,37.0,2501.0,9.0,618317.1599192637
4481,37.0,2488.0,10.0,616707.9324644243
4346,37.0,1783.0,12.0,636051.7758336186
3805,19.0,2471.0,11.0,542458.832352141
2281,19.0,2471.0,7.0,543106.832352141
4560,1.0,1237.0,8.0,518339.3218052801
799,28.0,2796.0,2.0,638997.6012148325
3971,37.0,1731.0,7.0,642857.7621824719
622,64.0,2471.0,10.0,701529.7823521411
1405,28.0,1335.0,12.0,640107.1153672726
547,19.0,2471.0,14.0,541783.832352141
3449,46.0,2913.0,7.0,738389.2304500827
2617,82.0,2135.0,10.0,735911.8579669729
4527,82.0,2631.0,3.0,767636.5279983788
4602,64.0,1772.0,11.0,723903.4333498311
92,10.0,2074.0,13.0,496087.8812369472
4393,82.0,1284.0,7.0,804814.9318735134
2551,28.0,1734.0,7.0,607887.1966874629
4275,28.0,2043.0,8.0,577100.9627244101
4163,19.0,1772.0,12.0,565129.0333498312
4151,55.0,2501.0,5.0,679463.3399192637
3203,46.0,2936.0,2.0,746065.0108572766
3786,1.0,1237.0,12.0,517619.3218052801
1188,82.0,2488.0,14.0,745573.5324644243
3323,10.0,2043.0,3.0,499540.22272441006
3000,64.0,2416.0,3.0,697573.5723281042
1180,64.0,1772.0,8.0,724416.4333498311
1881,82.0,2913.0,12.0,835638.9104500827
4340,37.0,1335.0,9.0,675264.2653672725
1482,82.0,2098.0,8.0,737949.8253577651
1208,46.0,2105.0,3.0,640272.7037311213
3713,37.0,1567.0,9.0,660517.0549412773
2625,1.0,2135.0,11.0,450007.5079669729
2023,19.0,1928.0,8.0,549139.2691183892
2709,82.0,2700.0,4.0,780978.1314326304
2706,1.0,2231.0,8.0,448225.9140008646
3347,46.0,1772.0,9.0,669584.4733498312
3784,55.0,1335.0,12.0,735129.5653672726
176,28.0,1797.0,12.0,599835.4781415536
4778,64.0,2135.0,1.0,693722.5579669729
2629,19.0,2416.0,3.0,538716.3723281042
4686,37.0,2135.0,6.0,606917.1079669729
2797,46.0,2476.0,10.0,647228.6587274452
2661,37.0,1346.0,12.0,674493.6369504638
2257,73.0,1161.0,9.0,777700.0749294312
2531,64.0,2913.0,9.0,792985.5704500827
431,73.0,2043.0,8.0,721210.3127244101
3454,10.0,2700.0,3.0,538329.1314326305
103,28.0,2501.0,8.0,583775.0699192637
4624,28.0,2631.0,10.0,602316.7879983787
4691,46.0,1237.0,11.0,705312.9718052801
2272,82.0,1237.0,5.0,803678.29180528
1836,73.0,2476.0,2.0,725927.1787274452
4654,55.0,2135.0,13.0,666296.4079669729
1285,55.0,2796.0,10.0,733550.5212148326
1413,10.0,2163.0,14.0,491731.43259707873
3995,1.0,2043.0,8.0,455643.35272441007
4369,1.0,2135.0,2.0,451060.5079669729
1189,46.0,1797.0,10.0,666578.9381415535
1263,64.0,1928.0,1.0,708343.8691183892
669,55.0,2416.0,6.0,671391.1323281042
1178,28.0,2631.0,13.0,601695.7879983787
1466,28.0,1161.0,7.0,634275.6249294311
3783,55.0,2700.0,1.0,711966.1314326305
1595,55.0,1928.0,6.0,682133.3491183892
4377,73.0,1335.0,2.0,785157.8653672726
4074,19.0,2098.0,8.0,536162.0853577651
4441,1.0,2680.0,3.0,490759.2076797519
2544,37.0,1783.0,4.0,637203.7758336186
3234,19.0,1467.0,5.0,597562.2602069426
2860,28.0,2913.0,4.0,672137.8904500827
1843,19.0,2043.0,14.0,538343.0927244101
1447,19.0,1459.0,14.0,596592.0539110985
3462,73.0,1567.0,1.0,770521.1749412772
1167,55.0,2488.0,10.0,677347.7724644243
3112,64.0,1567.0,4.0,747439.1449412772
1338,73.0,1804.0,4.0,744201.0118136714
4463,82.0,1783.0,10.0,765860.1258336187
3685,64.0,2135.0,12.0,692435.5579669729
1042,19.0,2913.0,8.0,634057.7204500827
1015,37.0,2231.0,3.0,604900.0740008645
2835,46.0,1772.0,13.0,668792.4733498312
1905,82.0,1772.0,4.0,767863.3933498312
4343,46.0,2231.0,7.0,636294.8640008646
4878,1.0,2796.0,11.0,516283.6812148326
1804,28.0,2416.0,1.0,576391.8123281042
309,19.0,2913.0,6.0,634309.7204500827
560,55.0,1731.0,9.0,703073.342182472
4454,19.0,2135.0,9.0,534271.8079669729
4150,28.0,2098.0,6.0,573988.905357765
2927,73.0,1467.0,13.0,777634.4402069426
4583,28.0,2416.0,9.0,575671.8123281042
3207,19.0,2118.0,1.0,535734.4124994893
1171,1.0,2488.0,10.0,460436.2524644242
822,64.0,2913.0,1.0,793705.5704500827
992,10.0,1804.0,12.0,521034.4918136714
4590,46.0,1161.0,7.0,700508.6049294312
2494,82.0,1346.0,2.0,804969.3369504637
4158,64.0,2028.0,12.0,698563.1047340297
4155,46.0,2471.0,5.0,647400.0023521412
926,73.0,1284.0,9.0,784521.3718735133
2510,37.0,2913.0,8.0,706438.0604500828
1847,19.0,1161.0,5.0,597001.1349294311
4811,64.0,1731.0,3.0,729599.1321824719
3256,82.0,2476.0,2.0,746040.0187274452
2953,46.0,2631.0,10.0,668814.3679983787
3194,82.0,1459.0,2.0,799705.2239110986
4081,28.0,2135.0,2.0,572542.957966973
2210,19.0,1804.0,5.0,562569.8518136714
1462,73.0,1928.0,2.0,731296.3891183891
4156,73.0,1161.0,6.0,778105.0749294312
4715,19.0,2488.0,14.0,543540.0924644242
3025,1.0,2135.0,13.0,449575.5079669729
4436,37.0,2135.0,13.0,605720.1079669729
4000,37.0,2043.0,10.0,611430.8327244101
4573,28.0,1284.0,11.0,640393.5718735134
2059,46.0,2913.0,9.0,738101.2304500827
3984,46.0,2913.0,10.0,737930.2304500827
1148,64.0,1237.0,4.0,760840.6318052801
128,46.0,2796.0,4.0,705416.8812148325
1644,55.0,2796.0,7.0,734009.5212148326
846,19.0,2476.0,1.0,544041.1387274452
3214,82.0,1783.0,6.0,766436.1258336187
147,73.0,2488.0,13.0,725702.6124644242
3704,82.0,1804.0,7.0,763956.3718136714
528,73.0,2488.0,4.0,727079.6124644242
3575,1.0,1731.0,3.0,487218.602182472
1055,46.0,2936.0,7.0,745660.0108572766
1467,64.0,2416.0,10.0,696754.5723281042
479,64.0,1237.0,5.0,760759.6318052801
980,55.0,1161.0,2.0,729656.0949294312
1542,64.0,2135.0,2.0,693695.5579669729
772,64.0,2028.0,7.0,699418.1047340297
2039,10.0,1731.0,7.0,530232.3921824719
1116,73.0,2135.0,4.0,716585.707966973
4687,10.0,2501.0,6.0,505888.8899192636
2213,64.0,1567.0,6.0,747259.1449412772
3893,19.0,1567.0,12.0,587811.9949412772
3654,64.0,1161.0,7.0,755077.5849294312
651,64.0,1567.0,2.0,747547.1449412772
4112,82.0,1346.0,6.0,804681.3369504637
4714,19.0,1346.0,9.0,602962.3569504637
1334,82.0,1797.0,14.0,763417.8581415537
1159,37.0,2700.0,13.0,649776.1314326305
4784,1.0,2796.0,6.0,517048.6812148326
4141,73.0,1734.0,14.0,750534.4966874628
1783,19.0,2118.0,7.0,535302.4124994893
3295,1.0,1567.0,1.0,505296.9349412772
4622,28.0,2118.0,6.0,572996.0324994893
4523,28.0,1161.0,5.0,634491.6249294311
66,73.0,2476.0,12.0,724667.1787274452
4557,19.0,1467.0,4.0,597643.2602069426
2752,82.0,1567.0,10.0,789661.2049412772
2192,28.0,1928.0,1.0,587265.7891183892
3272,1.0,2105.0,3.0,452395.4537311212
2285,1.0,2680.0,12.0,489544.2076797519
1888,1.0,1804.0,8.0,478374.1318136714
491,37.0,1459.0,1.0,670465.6739110985
1221,10.0,1734.0,14.0,528564.0766874629
4025,1.0,2680.0,6.0,490516.2076797519
1591,55.0,2135.0,12.0,666521.4079669729
3425,73.0,1567.0,10.0,769630.1749412772
1359,64.0,1335.0,14.0,760503.7153672726
334,64.0,2501.0,1.0,705626.4299192637
2514,10.0,1804.0,11.0,521241.4918136714
1152,46.0,2796.0,2.0,705524.8812148325
4819,82.0,1237.0,9.0,803174.29180528
1811,37.0,1284.0,5.0,675843.1318735133
4477,46.0,2135.0,10.0,638087.2579669729
3505,37.0,1237.0,1.0,674727.64180528
2644,82.0,2913.0,4.0,836790.9104500827
426,28.0,1734.0,2.0,608292.1966874629
4647,82.0,2416.0,13.0,739264.4523281042
296,64.0,1284.0,9.0,761599.8118735134
3477,1.0,2631.0,3.0,481519.4179983788
1642,73.0,2074.0,8.0,719217.5012369471
1621,82.0,1459.0,10.0,798841.2239110986
2412,64.0,1467.0,4.0,756073.4102069426
3982,73.0,2488.0,3.0,727142.6124644242
1344,82.0,2098.0,7.0,738084.8253577651
1302,73.0,1734.0,9.0,751569.4966874628
1163,19.0,2488.0,1.0,545295.0924644242
125,19.0,1346.0,8.0,603115.3569504637
2527,37.0,2796.0,1.0,673746.2412148325
843,37.0,2416.0,9.0,610359.2523281042
2212,1.0,1161.0,14.0,511733.1549294312
1789,46.0,2471.0,2.0,647589.0023521412
2826,19.0,1797.0,1.0,563574.7481415536
2268,1.0,1734.0,14.0,485190.01668746286
4176,82.0,1237.0,12.0,802607.29180528
1379,10.0,1346.0,11.0,562179.2169504637
4529,37.0,2471.0,10.0,614948.6123521412
4606,10.0,1237.0,10.0,561344.65180528
4827,19.0,1731.0,12.0,569835.182182472
2240,64.0,2471.0,14.0,700665.7823521411
110,46.0,2163.0,8.0,637410.1125970788
2588,82.0,1284.0,3.0,805174.9318735134
4254,73.0,2098.0,6.0,718123.0053577651
4656,19.0,1459.0,8.0,597780.0539110985
3730,10.0,1284.0,4.0,563419.4518735134
3915,82.0,2416.0,11.0,739696.4523281042
523,10.0,2118.0,6.0,494926.7924994892
1429,37.0,2796.0,14.0,671991.2412148325
4700,46.0,2028.0,12.0,643838.0647340297
1014,28.0,2680.0,8.0,611893.807679752
1724,82.0,1161.0,7.0,797982.5649294312
1880,28.0,2700.0,13.0,615063.1314326305
4416,10.0,1804.0,5.0,522105.4918136714
1023,1.0,1804.0,9.0,478221.1318136714
1884,28.0,1797.0,2.0,601095.4781415536
4209,28.0,1346.0,3.0,641117.4969504637
418,55.0,2105.0,1.0,669172.1537311212
1206,19.0,2231.0,9.0,531994.4940008646
1306,55.0,2028.0,13.0,672433.5847340297
557,46.0,2028.0,4.0,644990.0647340297
2750,82.0,1567.0,9.0,789832.2049412772
1496,1.0,1928.0,12.0,464552.22911838925
275,1.0,2416.0,14.0,453078.4923281041
336,46.0,1734.0,4.0,674520.3166874629
728,10.0,1783.0,1.0,524699.3658336187
3668,64.0,2074.0,14.0,695036.8412369471
4581,10.0,2471.0,7.0,502582.4423521411
3252,82.0,2471.0,13.0,744049.562352141
1986,82.0,2936.0,11.0,843124.9708572765
730,37.0,1467.0,9.0,669178.3202069426
4569,1.0,2488.0,9.0,460607.2524644242
1376,46.0,1237.0,9.0,705672.9718052801
574,73.0,2043.0,5.0,721561.3127244101
3451,37.0,2501.0,8.0,618470.1599192637
2983,73.0,1797.0,3.0,745049.1281415536
1975,28.0,2416.0,5.0,576175.8123281042
4699,19.0,2476.0,5.0,543825.1387274452
4726,73.0,2028.0,10.0,721947.6247340296
3283,55.0,1346.0,8.0,735647.9169504638
4821,19.0,1467.0,9.0,597058.2602069426
2121,55.0,2936.0,7.0,774562.2508572766
1008,64.0,1284.0,13.0,760807.8118735134
4233,82.0,2043.0,1.0,741851.1827244101
391,10.0,2231.0,8.0,491644.7040008646
2254,28.0,2043.0,3.0,577595.9627244101
625,46.0,1161.0,9.0,700220.6049294312
1114,82.0,2098.0,11.0,737436.8253577651
4035,28.0,2118.0,12.0,572024.0324994893
3765,46.0,2936.0,6.0,745777.0108572766
2140,1.0,2028.0,6.0,456967.4647340298
1964,1.0,2680.0,8.0,490264.2076797519
3188,10.0,1459.0,8.0,557346.7439110986
1633,55.0,2074.0,9.0,670163.1812369471
3287,10.0,2680.0,7.0,533858.407679752
4565,82.0,2501.0,14.0,747017.6099192636
3113,46.0,2680.0,8.0,678400.207679752
1256,19.0,1734.0,3.0,570705.1366874628
4708,10.0,2135.0,6.0,494182.6579669729
4123,37.0,2135.0,12.0,605945.1079669729
3822,28.0,2098.0,9.0,573583.905357765
14,46.0,1804.0,9.0,665962.9318136714
2734,37.0,2631.0,1.0,637914.5779983787
684,55.0,2476.0,6.0,676665.4987274453
2312,55.0,1783.0,8.0,697284.7158336187
3787,82.0,2028.0,12.0,741624.1447340297
4594,55.0,2135.0,6.0,667493.4079669729
4753,82.0,1284.0,10.0,804355.9318735134
1349,82.0,2105.0,8.0,737591.5037311212
4793,19.0,1797.0,7.0,563142.7481415536
67,64.0,2680.0,6.0,733494.6076797519
4301,73.0,1284.0,13.0,783729.3718735133
2519,55.0,1567.0,5.0,721495.1149412772
4598,37.0,2231.0,2.0,604945.0740008645
1645,28.0,1284.0,10.0,640582.5718735134
3928,73.0,1335.0,8.0,784617.8653672726
2245,37.0,1459.0,8.0,669898.6739110985
1177,55.0,1731.0,1.0,703793.342182472
3840,73.0,2471.0,14.0,723694.172352141
3592,1.0,1567.0,5.0,505080.9349412772
3019,55.0,1467.0,12.0,729067.3802069426
661,55.0,2163.0,6.0,666494.7825970788
2061,73.0,2416.0,11.0,719589.0123281042
248,19.0,1804.0,14.0,561030.8518136714
3504,1.0,2796.0,13.0,515851.6812148326
4623,1.0,2488.0,1.0,461327.2524644242
3327,82.0,1734.0,1.0,772335.5566874628
4073,55.0,2700.0,14.0,710211.1314326305
3460,1.0,1346.0,12.0,518633.07695046376
4391,10.0,1731.0,8.0,530097.3921824719
63,37.0,1804.0,4.0,634831.5718136714
986,55.0,2471.0,14.0,674721.3923521412
4733,37.0,1161.0,5.0,669066.1149294311
1565,73.0,2416.0,4.0,720534.0123281042
4256,64.0,2488.0,1.0,704184.6924644242
3422,28.0,2231.0,8.0,569734.2840008646
947,73.0,2098.0,9.0,717718.0053577651
1745,82.0,1467.0,11.0,798088.4702069425
3442,28.0,1804.0,9.0,599614.2118136714
137,82.0,1467.0,1.0,799168.4702069425
895,82.0,2471.0,11.0,744481.562352141
221,10.0,2796.0,9.0,560113.3212148325
2621,46.0,2700.0,6.0,682770.1314326305
1385,82.0,1346.0,10.0,804105.3369504637
3848,1.0,2700.0,14.0,493185.1314326305
3218,82.0,1335.0,12.0,803908.0153672725
3640,55.0,1161.0,12.0,728396.0949294312
3934,55.0,2074.0,12.0,669596.1812369471
2336,46.0,1928.0,7.0,653204.8291183892
3265,19.0,2416.0,12.0,537501.3723281042
768,55.0,1567.0,13.0,720199.1149412772
509,64.0,2416.0,2.0,697618.5723281042
1360,28.0,1772.0,2.0,603934.5133498312
3489,10.0,2074.0,8.0,497032.8812369472
3604,10.0,2231.0,13.0,490699.7040008646
1729,64.0,1731.0,1.0,729671.1321824719
2995,10.0,2700.0,5.0,538185.1314326305
475,28.0,1237.0,6.0,639831.31180528
3823,82.0,2700.0,2.0,781086.1314326304
3679,28.0,2680.0,6.0,612145.807679752
1671,28.0,1772.0,6.0,603646.5133498312
508,28.0,2501.0,13.0,582830.0699192637
964,37.0,2631.0,8.0,637347.5779983787
3599,1.0,2631.0,8.0,481024.4179983788
3932,28.0,2913.0,5.0,672056.8904500827
425,64.0,1335.0,11.0,761178.7153672726
3144,55.0,2471.0,7.0,676044.3923521412
3715,73.0,2796.0,1.0,783472.8012148325
1668,1.0,2913.0,1.0,550580.3804500827
4599,1.0,2913.0,10.0,549689.3804500827
962,10.0,2105.0,13.0,494362.9037311211
3363,46.0,1237.0,7.0,705960.9718052801
1716,64.0,2043.0,6.0,698472.4427244101
1739,37.0,1797.0,3.0,635682.2081415536
2532,10.0,2074.0,11.0,496519.8812369472
1393,55.0,2135.0,7.0,667376.4079669729
4137,55.0,1346.0,12.0,734927.9169504638
4674,82.0,2796.0,5.0,803398.4412148325
4214,55.0,1161.0,13.0,728171.0949294312
3564,19.0,2796.0,11.0,600306.9612148325
4169,19.0,2231.0,3.0,532642.4940008646
212,73.0,2074.0,6.0,719469.5012369471
842,55.0,1734.0,14.0,701694.3766874628
1931,46.0,2163.0,12.0,636690.1125970788
3747,37.0,2471.0,2.0,615812.6123521412
1119,1.0,2936.0,8.0,557273.8108572764
3913,28.0,2163.0,6.0,571248.7725970788
438,10.0,1731.0,12.0,529377.3921824719
2399,73.0,1284.0,10.0,784350.3718735133
1717,1.0,2028.0,10.0,456391.4647340298
576,73.0,2043.0,11.0,720697.3127244101
2660,1.0,1335.0,12.0,518840.66536727257
793,82.0,2700.0,14.0,779358.1314326304
2175,46.0,1804.0,2.0,666655.9318136714
3812,19.0,1772.0,8.0,565849.0333498312
4234,64.0,2231.0,6.0,691173.4440008645
4875,37.0,1237.0,2.0,674700.64180528
2817,55.0,2416.0,14.0,669951.1323281042
238,46.0,1783.0,11.0,667973.2458336187
2345,73.0,2501.0,14.0,726902.5199192637
1304,55.0,1772.0,1.0,699101.9533498312
3631,64.0,2028.0,2.0,699823.1047340297
1421,37.0,1772.0,8.0,638023.9933498312
3463,10.0,2476.0,9.0,502796.2987274453
273,64.0,1237.0,3.0,760903.6318052801
4747,19.0,1467.0,14.0,596023.2602069426
2270,10.0,1928.0,9.0,508510.7491183892
3239,19.0,1783.0,4.0,565026.8358336187
2067,55.0,1467.0,10.0,729463.3802069426
1821,1.0,2501.0,14.0,461005.7999192636
2404,55.0,2680.0,11.0,706766.407679752
1917,1.0,2631.0,2.0,481564.4179983788
2988,82.0,2796.0,3.0,803542.4412148325
2795,37.0,2476.0,8.0,615775.8187274452
3149,10.0,2476.0,14.0,501761.2987274453
2327,1.0,1284.0,3.0,520148.8918735134
2297,46.0,2135.0,2.0,638951.2579669729
678,64.0,1797.0,3.0,722081.3981415535
4405,1.0,2488.0,5.0,461111.2524644242
497,64.0,2231.0,12.0,690201.4440008645
4570,19.0,2074.0,3.0,538016.5412369472
1246,46.0,2936.0,4.0,745957.0108572766
1383,55.0,1567.0,1.0,721711.1149412772
4721,28.0,1237.0,8.0,639579.31180528
2068,1.0,1731.0,6.0,486975.602182472
4126,28.0,2680.0,5.0,612244.807679752
3867,1.0,1284.0,1.0,520220.8918735134
2884,73.0,2416.0,3.0,720597.0123281042
3942,19.0,1928.0,9.0,548986.2691183892
2197,37.0,1797.0,12.0,634467.2081415536
169,55.0,2501.0,2.0,679652.3399192637
206,64.0,1783.0,3.0,723662.1858336186
575,10.0,2416.0,14.0,496513.9323281041
444,19.0,2231.0,14.0,530959.4940008646
3251,19.0,2105.0,5.0,536150.3537311212
1387,10.0,2416.0,12.0,496981.9323281041
3411,55.0,2631.0,1.0,698580.1579983787
1289,37.0,1804.0,12.0,633679.5718136714
3639,37.0,1284.0,7.0,675627.1318735133
4180,28.0,2135.0,4.0,572434.957966973
1769,82.0,1928.0,8.0,750819.9091183891
3825,82.0,1237.0,4.0,803759.29180528
851,64.0,2118.0,13.0,692945.5124994892
471,28.0,1335.0,6.0,641079.1153672726
877,64.0,1467.0,11.0,755128.4102069426
3438,19.0,1734.0,7.0,570345.1366874628
2022,46.0,2105.0,14.0,638589.7037311213
4173,73.0,2135.0,12.0,715433.707966973
4358,37.0,1161.0,8.0,668715.1149294311
4052,37.0,1467.0,5.0,669682.3202069426
1063,19.0,1783.0,5.0,564945.8358336187
2919,28.0,2163.0,14.0,569808.7725970788
3005,82.0,1731.0,4.0,772543.712182472
4387,19.0,1928.0,3.0,549634.2691183892
1323,73.0,2471.0,4.0,725314.172352141
55,82.0,1284.0,14.0,803491.9318735134
1346,37.0,1346.0,3.0,675708.6369504638
1075,64.0,1284.0,7.0,761887.8118735134
2238,46.0,1928.0,1.0,653636.8291183892
2425,10.0,2416.0,7.0,497836.9323281041
3605,28.0,2488.0,13.0,581393.0124644242
1320,64.0,2936.0,14.0,799225.4908572766
4290,1.0,1346.0,14.0,518165.07695046376
1241,46.0,1161.0,3.0,700868.6049294312
1829,73.0,1567.0,4.0,770386.1749412772
1053,73.0,2796.0,10.0,782581.8012148325
3429,10.0,2501.0,8.0,505636.8899192636
369,10.0,1335.0,2.0,563438.8153672726
740,55.0,1928.0,9.0,681728.3491183892
3632,28.0,1346.0,6.0,640874.4969504637
1230,10.0,2796.0,13.0,559321.3212148325
1774,82.0,1284.0,4.0,805111.9318735134
4616,19.0,2098.0,7.0,536297.0853577651
257,46.0,2488.0,9.0,648656.8524644242
3315,1.0,1346.0,4.0,519785.07695046376
1957,73.0,1467.0,12.0,777859.4402069426
4047,82.0,2631.0,12.0,766421.5279983788
3855,64.0,2913.0,11.0,792625.5704500827
3973,19.0,2471.0,2.0,543511.832352141
4008,46.0,2796.0,11.0,704471.8812148325
4326,10.0,1731.0,2.0,530637.3921824719
4090,1.0,1567.0,14.0,503541.9349412772
3366,10.0,1237.0,4.0,562100.65180528
3554,82.0,2043.0,10.0,740960.1827244101
720,46.0,2028.0,10.0,644234.0647340297
3065,19.0,1928.0,4.0,549571.2691183892
1807,46.0,1797.0,11.0,666389.9381415535
919,46.0,2163.0,14.0,636222.1125970788
280,55.0,1734.0,10.0,702558.3766874628
2348,28.0,2936.0,3.0,679467.5308572765
4440,28.0,1335.0,3.0,641322.1153672726
4124,10.0,1237.0,3.0,562163.65180528
2963,46.0,1772.0,1.0,670304.4733498312
1895,37.0,2118.0,3.0,607899.6524994893
4849,1.0,2501.0,12.0,461473.7999192636
1920,73.0,1346.0,11.0,783905.1969504637
906,10.0,1567.0,12.0,547368.9649412772
1036,64.0,1804.0,7.0,720935.6518136715
977,82.0,2476.0,13.0,744555.0187274452
3876,64.0,2936.0,9.0,800260.4908572766
3737,55.0,1161.0,3.0,729611.0949294312
3521,19.0,2135.0,11.0,533911.8079669729
1524,37.0,2135.0,3.0,607160.1079669729
703,19.0,2476.0,13.0,542529.1387274452
545,28.0,2231.0,9.0,569581.2840008646
4676,37.0,1567.0,14.0,659482.0549412773
3484,19.0,1797.0,4.0,563439.7481415536
3935,55.0,2913.0,13.0,766209.4004500827
1603,37.0,1284.0,9.0,675339.1318735133
4694,37.0,2163.0,9.0,605508.4425970789
348,73.0,2231.0,10.0,713604.2340008646
1946,37.0,2680.0,8.0,646605.007679752
1006,37.0,2074.0,7.0,609885.8612369471
4001,64.0,2098.0,10.0,694552.1853577651
4769,55.0,2105.0,5.0,668956.1537311212
2017,37.0,2680.0,4.0,647037.007679752
4898,46.0,1731.0,9.0,674279.552182472
2283,55.0,2135.0,1.0,667808.4079669729
3906,37.0,2074.0,1.0,610317.8612369471
3763,28.0,1928.0,8.0,586698.7891183892
653,55.0,1284.0,6.0,736167.2518735133
1641,19.0,2163.0,13.0,532471.1025970788
4437,37.0,1459.0,12.0,669178.6739110985
3480,19.0,2118.0,11.0,534654.4124994893
3015,10.0,2098.0,11.0,495158.26535776514
2914,19.0,2476.0,6.0,543726.1387274452
2080,19.0,2476.0,4.0,543906.1387274452
4118,10.0,2680.0,6.0,533975.407679752
638,55.0,2700.0,5.0,711750.1314326305
1484,1.0,1161.0,1.0,513488.1549294312
99,55.0,2913.0,1.0,767721.4004500827
3394,37.0,2936.0,14.0,712518.7708572765
4511,82.0,1772.0,8.0,767431.3933498312
3797,37.0,1928.0,5.0,621693.3091183892
4400,73.0,2028.0,13.0,721326.6247340296
3552,37.0,2471.0,7.0,615407.6123521412
3344,55.0,1804.0,10.0,694592.2918136714
2774,28.0,1731.0,13.0,607151.972182472
3351,28.0,2105.0,7.0,573509.8037311212
324,1.0,2700.0,10.0,494049.1314326305
3373,64.0,2043.0,11.0,697707.4427244101
722,82.0,1467.0,6.0,798853.4702069425
4757,46.0,2471.0,1.0,647616.0023521412
1750,46.0,2631.0,3.0,669633.3679983787
3648,64.0,1731.0,13.0,728159.1321824719
2785,55.0,2796.0,6.0,734126.5212148326
2868,28.0,2074.0,8.0,575094.2012369471
1363,28.0,2043.0,2.0,577640.9627244101
3524,1.0,2098.0,10.0,451940.44535776513
1808,37.0,2231.0,8.0,604405.0740008645
4099,10.0,1335.0,5.0,563249.8153672726
758,46.0,1804.0,4.0,666547.9318136714
4538,55.0,1797.0,9.0,695549.6681415535
184,1.0,2074.0,6.0,453880.2212369471
517,10.0,1335.0,7.0,563033.8153672726
3092,28.0,1734.0,6.0,608004.1966874629
317,28.0,2471.0,2.0,581120.222352141
4162,28.0,1797.0,7.0,600690.4781415536
1938,46.0,2135.0,8.0,638411.2579669729
4236,82.0,1459.0,7.0,799300.2239110986
4101,55.0,2913.0,2.0,767694.4004500827
1682,73.0,2416.0,8.0,720102.0123281042
1210,37.0,1161.0,4.0,669147.1149294311
2977,82.0,1346.0,12.0,803709.3369504637
191,37.0,2631.0,6.0,637599.5779983787
1676,46.0,2098.0,1.0,640705.545357765
582,28.0,1797.0,11.0,600042.4781415536
4610,37.0,2098.0,7.0,608530.7253577651
1585,55.0,1467.0,3.0,730282.3802069426
4792,19.0,2796.0,7.0,600954.9612148325
1144,10.0,2163.0,2.0,493459.43259707873
1839,37.0,2680.0,7.0,646740.007679752
2362,1.0,1797.0,12.0,478444.2881415536
1653,1.0,2796.0,8.0,516796.6812148326
4646,64.0,1783.0,1.0,723734.1858336186
704,1.0,1772.0,8.0,482010.0733498312
1908,19.0,2913.0,4.0,634489.7204500827
3076,10.0,1459.0,11.0,556833.7439110986
4767,46.0,1783.0,8.0,668486.2458336187
987,55.0,2028.0,2.0,673918.5847340297
3978,64.0,2631.0,4.0,724403.9479983787
1351,37.0,1783.0,7.0,636906.7758336186
3593,55.0,1467.0,4.0,730219.3802069426
4042,46.0,2416.0,9.0,642130.6923281042
457,28.0,1783.0,14.0,600953.3058336186
579,19.0,1567.0,5.0,588882.9949412772
2379,64.0,2680.0,10.0,732918.6076797519
4731,55.0,2416.0,13.0,670194.1323281042
2875,37.0,2098.0,8.0,608395.7253577651
3517,37.0,1467.0,7.0,669466.3202069426
665,37.0,2118.0,4.0,607836.6524994893
4337,19.0,2416.0,2.0,538761.3723281042
3330,55.0,2488.0,6.0,677923.7724644243
74,1.0,2043.0,13.0,454698.35272441007
1579,19.0,2936.0,10.0,640998.2908572765
1007,10.0,2043.0,11.0,498532.22272441006
2437,82.0,2476.0,10.0,745176.0187274452
166,55.0,2700.0,10.0,711075.1314326305
2089,64.0,1928.0,8.0,707776.8691183892
3307,37.0,2416.0,12.0,609792.2523281042
1232,10.0,2680.0,3.0,534218.407679752
2810,55.0,1335.0,1.0,736416.5653672726
2044,19.0,2488.0,11.0,544215.0924644242
3819,82.0,2631.0,11.0,766628.5279983788
1943,55.0,2631.0,11.0,697500.1579983787
2104,82.0,2231.0,2.0,734559.0240008646
1278,28.0,2231.0,6.0,569986.2840008646
451,55.0,1237.0,8.0,734575.30180528
1581,73.0,2471.0,1.0,725449.172352141
1547,37.0,2416.0,4.0,610944.2523281042
4639,28.0,2631.0,8.0,602640.7879983787
3587,55.0,2098.0,6.0,669217.3653577651
3386,82.0,2028.0,5.0,742695.1447340297
379,1.0,2105.0,8.0,451900.4537311212
4617,55.0,1804.0,2.0,695456.2918136714
4514,82.0,2488.0,11.0,746248.5324644243
1037,73.0,1797.0,13.0,743609.1281415536
3875,28.0,1731.0,9.0,607943.972182472
3594,55.0,1734.0,5.0,703233.3766874628
2540,64.0,2074.0,4.0,696656.8412369471
1439,10.0,1797.0,11.0,522031.0181415536
4408,64.0,2074.0,8.0,696224.8412369471
4870,82.0,2476.0,4.0,745932.0187274452
1168,10.0,1772.0,10.0,525063.5533498311
2504,55.0,2700.0,8.0,711399.1314326305
2186,28.0,2118.0,2.0,573284.0324994893
1660,28.0,1928.0,5.0,587049.7891183892
4313,37.0,1346.0,10.0,674889.6369504638
882,55.0,1928.0,7.0,682016.3491183892
4297,82.0,2028.0,1.0,742911.1447340297
333,82.0,2501.0,2.0,748745.6099192636
1525,55.0,2098.0,10.0,668641.3653577651
4459,73.0,2118.0,2.0,717427.1324994892
993,46.0,2476.0,13.0,646607.6587274452
3924,37.0,2700.0,3.0,651216.1314326305
4604,19.0,1804.0,12.0,561498.8518136714
2938,46.0,1928.0,3.0,653564.8291183892
2253,37.0,2476.0,4.0,616207.8187274452
677,73.0,2105.0,12.0,716792.0537311212
4397,10.0,2680.0,8.0,533723.407679752
3059,82.0,2631.0,10.0,766817.5279983788
1030,64.0,2471.0,3.0,702348.7823521411
3096,19.0,2105.0,11.0,535286.3537311212
4294,10.0,1734.0,12.0,529032.0766874629
3458,37.0,1731.0,12.0,642002.7621824719
3290,1.0,2105.0,10.0,451576.4537311212
2385,19.0,1161.0,12.0,595930.1349294311
4815,64.0,1161.0,4.0,755374.5849294312
1335,19.0,1734.0,1.0,570777.1366874628
2074,46.0,1161.0,5.0,700724.6049294312
258,73.0,2796.0,12.0,782185.8012148325
384,37.0,1459.0,7.0,670033.6739110985
1590,64.0,2043.0,10.0,697896.4427244101
2837,55.0,2163.0,9.0,666089.7825970788
956,64.0,1928.0,2.0,708316.8691183892
3644,10.0,2680.0,5.0,534074.407679752
600,73.0,1797.0,11.0,744041.1281415536
3688,82.0,1797.0,7.0,764740.8581415537
1242,55.0,2105.0,7.0,668740.1537311212
3749,55.0,1161.0,10.0,728792.0949294312
1236,46.0,1237.0,2.0,706365.9718052801
4268,64.0,2488.0,2.0,704157.6924644242
4485,82.0,2476.0,5.0,745851.0187274452
1554,82.0,1346.0,8.0,804429.3369504637
2555,64.0,1804.0,8.0,720800.6518136715
933,55.0,1928.0,10.0,681557.3491183892
911,73.0,2163.0,8.0,715160.1225970787
310,82.0,1284.0,1.0,805246.9318735134
4031,73.0,1804.0,14.0,742581.0118136714
4742,64.0,2163.0,14.0,690971.4525970788
4755,64.0,2476.0,5.0,702709.3387274452
4449,28.0,1772.0,14.0,602206.5133498312
2685,55.0,2118.0,5.0,668328.8924994892
3068,37.0,1284.0,14.0,674304.1318735133
706,55.0,2043.0,9.0,672161.5727244101
764,64.0,1797.0,1.0,722153.3981415535
49,82.0,2796.0,6.0,803299.4412148325
3089,73.0,2231.0,7.0,714063.2340008646
2149,55.0,1459.0,14.0,729165.2939110985
3838,28.0,2163.0,4.0,571428.7725970788
1827,1.0,1161.0,9.0,512768.1549294312
2871,1.0,1734.0,11.0,485865.01668746286
3388,1.0,1804.0,13.0,477429.1318136714
2501,1.0,1772.0,6.0,482262.0733498312
3423,19.0,2118.0,9.0,535014.4124994893
3766,28.0,2476.0,7.0,581217.9787274452
1646,55.0,2488.0,2.0,678211.7724644243
259,1.0,2163.0,8.0,449506.7625970788
3040,73.0,2118.0,10.0,716563.1324994892
2831,37.0,2913.0,12.0,705718.0604500828
37,46.0,2231.0,11.0,635646.8640008646
564,37.0,1734.0,7.0,642513.2566874628
193,10.0,2936.0,10.0,600432.0508572765
3614,82.0,2700.0,5.0,780897.1314326304
1837,55.0,2936.0,6.0,774679.2508572766
2072,55.0,1346.0,14.0,734459.9169504638
139,46.0,2028.0,3.0,645053.0647340297
710,82.0,2028.0,11.0,741831.1447340297
2942,55.0,1459.0,13.0,729408.2939110985
4300,28.0,1783.0,8.0,602141.3058336186
2803,37.0,1237.0,13.0,673215.64180528
1288,64.0,2043.0,7.0,698355.4427244101
118,73.0,2471.0,2.0,725422.172352141
1341,64.0,2135.0,10.0,692831.5579669729
131,28.0,2488.0,11.0,581825.0124644242
1175,10.0,2680.0,13.0,532778.407679752
4663,19.0,1284.0,11.0,602892.0118735133
2469,28.0,1161.0,6.0,634392.6249294311
378,55.0,1797.0,7.0,695837.6681415535
1776,10.0,2631.0,9.0,524326.2079983788
442,28.0,2416.0,3.0,576319.8123281042
2199,46.0,2163.0,10.0,637086.1125970788
4669,46.0,2501.0,11.0,649736.2499192636
1999,64.0,1284.0,8.0,761752.8118735134
186,19.0,2163.0,2.0,533956.1025970788
2892,37.0,2105.0,8.0,608034.2537311212
1685,55.0,2231.0,4.0,665430.6540008646
4816,1.0,2135.0,14.0,449332.5079669729
4746,46.0,1237.0,12.0,705105.9718052801
4419,28.0,1467.0,9.0,634576.2902069426
3164,64.0,2913.0,3.0,793633.5704500827
847,73.0,2118.0,7.0,717022.1324994892
3281,55.0,1783.0,12.0,696564.7158336187
4706,64.0,1467.0,2.0,756181.4102069426
1818,19.0,1335.0,14.0,602132.9653672726
2991,64.0,1335.0,12.0,760971.7153672726
2028,19.0,2043.0,12.0,538811.0927244101
1499,73.0,1459.0,3.0,779638.9139110985
2852,37.0,2913.0,1.0,707005.0604500828
4504,28.0,1783.0,4.0,602573.3058336186
3845,19.0,1928.0,13.0,548194.2691183892
3828,82.0,2501.0,1.0,748772.6099192636
886,73.0,2631.0,3.0,747509.7379983788
4664,73.0,2913.0,3.0,816701.7404500827
700,82.0,2501.0,4.0,748637.6099192636
1279,64.0,2936.0,5.0,800764.4908572766
761,82.0,1237.0,6.0,803579.29180528
2742,28.0,1237.0,2.0,640119.31180528
806,19.0,2028.0,8.0,540600.5047340296
1680,28.0,2416.0,14.0,574636.8123281042
1361,55.0,1797.0,13.0,694757.6681415535
2725,37.0,1467.0,13.0,668386.3202069426
3824,37.0,2118.0,8.0,607404.6524994893
2522,10.0,1731.0,11.0,529584.3921824719
2125,37.0,2231.0,11.0,603892.0740008645
234,64.0,2163.0,8.0,692159.4525970788
3081,64.0,2118.0,7.0,694025.5124994892
3910,28.0,1804.0,2.0,600307.2118136714
300,64.0,1161.0,11.0,754429.5849294312
4140,55.0,2471.0,13.0,674964.3923521412
1522,82.0,1459.0,14.0,797977.2239110986
1977,1.0,2135.0,4.0,450952.5079669729
2881,46.0,2476.0,1.0,648119.6587274452
1374,1.0,1567.0,11.0,504216.9349412772
3673,19.0,1459.0,10.0,597456.0539110985
863,19.0,1731.0,8.0,570555.182182472
823,55.0,2043.0,6.0,672566.5727244101
4737,10.0,1161.0,3.0,556738.6449294311
3114,19.0,2488.0,4.0,545160.0924644242
1570,10.0,1928.0,8.0,508663.7491183892
4635,37.0,2936.0,10.0,713382.7708572765
2164,82.0,2913.0,11.0,835845.9104500827
4869,10.0,1467.0,10.0,556453.2302069425
4681,28.0,1467.0,10.0,634405.2902069426
10,82.0,2471.0,3.0,745489.562352141
2286,10.0,2105.0,1.0,495874.9037311211
3139,82.0,2231.0,1.0,734586.0240008646
762,46.0,2163.0,13.0,636465.1125970788
1212,37.0,2163.0,1.0,606228.4425970789
409,37.0,1772.0,1.0,638590.9933498312
388,28.0,2936.0,10.0,678648.5308572765
803,1.0,2028.0,13.0,455770.4647340298
2978,28.0,2796.0,6.0,638709.6012148325
4544,10.0,1346.0,6.0,562944.2169504637
4218,10.0,1161.0,12.0,555523.6449294311
1420,46.0,2135.0,1.0,638978.2579669729
2808,55.0,1161.0,8.0,729116.0949294312
2563,73.0,2105.0,8.0,717512.0537311212
521,10.0,1284.0,2.0,563527.4518735134
2287,1.0,2476.0,10.0,459184.4587274453
2671,64.0,1783.0,2.0,723707.1858336186
955,82.0,2700.0,1.0,781113.1314326304
3062,28.0,2796.0,7.0,638592.6012148325
647,82.0,2476.0,14.0,744312.0187274452
790,28.0,2913.0,7.0,671840.8904500827
3108,46.0,2936.0,11.0,745012.0108572766
113,82.0,1731.0,14.0,770923.712182472
2614,28.0,2476.0,11.0,580569.9787274452
2300,28.0,2416.0,13.0,574879.8123281042
3072,37.0,1346.0,9.0,675060.6369504638
744,46.0,2936.0,5.0,745876.0108572766
3495,28.0,2074.0,11.0,574581.2012369471
362,10.0,2105.0,9.0,495154.9037311211
4231,10.0,1731.0,4.0,530529.3921824719
2727,19.0,2416.0,6.0,538473.3723281042
3804,1.0,2501.0,3.0,462688.7999192636
3598,64.0,2936.0,6.0,800665.4908572766
4292,73.0,1335.0,3.0,785112.8653672726
4121,28.0,2488.0,7.0,582473.0124644242
2145,28.0,1459.0,12.0,634577.3639110986
3466,28.0,2135.0,9.0,571849.957966973
2877,82.0,2074.0,8.0,739294.1612369472
4853,64.0,1459.0,9.0,756053.6039110986
1356,1.0,2936.0,4.0,557705.8108572764
984,73.0,1772.0,4.0,747813.9133498312
4427,37.0,2631.0,5.0,637698.5779983787
4779,19.0,2135.0,5.0,534775.8079669729
1328,10.0,2631.0,8.0,524479.2079983788
1794,55.0,2936.0,11.0,773914.2508572766
1974,37.0,2163.0,7.0,605796.4425970789
3297,19.0,1346.0,13.0,602170.3569504637
4320,37.0,2631.0,2.0,637887.5779983787
3205,28.0,1928.0,6.0,586950.7891183892
1913,73.0,1928.0,8.0,730756.3891183891
76,37.0,2028.0,3.0,613316.5447340297
496,10.0,1783.0,14.0,522944.3658336187
996,28.0,2163.0,13.0,570051.7725970788
1022,19.0,2476.0,7.0,543609.1387274452
435,1.0,1346.0,13.0,518408.07695046376
2003,28.0,2043.0,10.0,576776.9627244101
2967,64.0,1928.0,11.0,707263.8691183892
1959,73.0,1797.0,5.0,744905.1281415536
1981,1.0,2913.0,5.0,550364.3804500827
4888,73.0,2416.0,2.0,720642.0123281042
4835,55.0,1284.0,10.0,735591.2518735133
2160,10.0,1284.0,13.0,562042.4518735134
2809,19.0,1346.0,11.0,602602.3569504637
507,64.0,2913.0,5.0,793489.5704500827
3711,55.0,2098.0,8.0,668965.3653577651
4642,10.0,2074.0,10.0,496708.8812369472
3641,64.0,1804.0,11.0,720287.6518136715
2608,10.0,1772.0,3.0,525882.5533498311
4374,64.0,1459.0,13.0,755261.6039110986
2123,73.0,1335.0,12.0,783897.8653672726
0,82.0,1467.0,5.0,798952.4702069425
3698,19.0,2501.0,1.0,546730.9799192636
2945,73.0,1804.0,13.0,742824.0118136714
1559,46.0,1284.0,4.0,707593.6918735134
2913,1.0,1284.0,4.0,520085.8918735134
4587,19.0,1567.0,6.0,588783.9949412772
4830,28.0,2163.0,9.0,570843.7725970788
2037,73.0,1731.0,3.0,752560.922182472
155,37.0,2913.0,5.0,706789.0604500828
4152,73.0,1731.0,12.0,751345.922182472
1628,1.0,2231.0,3.0,448720.9140008646
43,10.0,2476.0,5.0,503300.2987274453
2864,28.0,1459.0,8.0,635297.3639110986
4567,82.0,2028.0,2.0,742884.1447340297
3834,82.0,2118.0,6.0,737219.7524994892
3612,55.0,1467.0,7.0,729922.3802069426
4885,73.0,2680.0,13.0,755344.807679752
1239,1.0,2118.0,6.0,451518.1724994892
646,37.0,1161.0,6.0,668967.1149294311
4499,73.0,1928.0,1.0,731323.3891183891
1738,64.0,1734.0,14.0,727572.4366874628
2512,82.0,2488.0,6.0,747013.5324644243
4536,1.0,2796.0,7.0,516931.6812148326
3919,64.0,1804.0,1.0,721367.6518136715
2263,37.0,2135.0,1.0,607232.1079669729
4161,1.0,2074.0,12.0,452908.2212369471
3443,19.0,1346.0,2.0,603655.3569504637
198,82.0,2231.0,13.0,733074.0240008646
2562,28.0,2135.0,13.0,571057.957966973
4659,46.0,1335.0,13.0,706146.4153672726
2161,55.0,1783.0,5.0,697635.7158336187
2440,82.0,2098.0,14.0,736761.8253577651
3137,82.0,1797.0,10.0,764281.8581415537
3084,46.0,1734.0,10.0,673764.3166874629
3427,28.0,2098.0,5.0,574087.905357765
2804,46.0,2074.0,14.0,640303.5212369472
4230,64.0,2043.0,8.0,698220.4427244101
3568,46.0,2043.0,13.0,642547.7027244101
3371,28.0,2471.0,14.0,579392.222352141
3249,82.0,1161.0,8.0,797847.5649294312
1402,46.0,2135.0,5.0,638762.2579669729
2392,10.0,2028.0,7.0,500250.98473402974
858,73.0,1161.0,10.0,777529.0749294312
3111,55.0,1731.0,12.0,702506.342182472
3778,1.0,2043.0,12.0,454923.35272441007
1130,37.0,1928.0,14.0,620154.3091183892
1951,73.0,2700.0,3.0,760908.1314326304
4070,82.0,1797.0,5.0,764956.8581415537
3674,37.0,1346.0,8.0,675213.6369504638
302,82.0,1804.0,5.0,764172.3718136714
961,28.0,2135.0,3.0,572497.957966973
3720,46.0,1284.0,7.0,707296.6918735134
2084,82.0,1459.0,6.0,799417.2239110986
413,37.0,1567.0,7.0,660805.0549412773
2736,55.0,2476.0,3.0,676908.4987274453
4442,1.0,2796.0,5.0,517147.6812148326
3048,82.0,2135.0,13.0,735290.8579669729
2324,28.0,1734.0,12.0,607032.1966874629
4100,64.0,2135.0,6.0,693407.5579669729
1224,37.0,1459.0,9.0,669745.6739110985
2354,28.0,2028.0,4.0,578601.0247340297
4805,37.0,1237.0,12.0,673440.64180528
3326,82.0,2135.0,6.0,736487.8579669729
598,28.0,1346.0,2.0,641162.4969504637
3707,82.0,2680.0,14.0,775233.007679752
1771,73.0,1284.0,2.0,785214.3718735133
2675,10.0,2135.0,8.0,493930.6579669729
2470,46.0,2028.0,7.0,644693.0647340297
3943,55.0,1459.0,6.0,730605.2939110985
232,19.0,1335.0,9.0,603167.9653672726
954,82.0,1731.0,5.0,772462.712182472
4501,46.0,1467.0,11.0,700504.3502069425
3396,37.0,1772.0,7.0,638158.9933498312
968,19.0,2118.0,8.0,535167.4124994893
2611,28.0,2043.0,14.0,575912.9627244101
1703,64.0,2135.0,9.0,693002.5579669729
3478,46.0,1567.0,13.0,691420.0849412772
2488,46.0,1928.0,14.0,651881.8291183892
1485,37.0,2476.0,7.0,615910.8187274452
387,1.0,1567.0,10.0,504405.9349412772
4887,64.0,2231.0,13.0,689976.4440008645
3738,46.0,1804.0,3.0,666610.9318136714
1584,10.0,2118.0,1.0,495241.7924994892
1947,37.0,1731.0,14.0,641534.7621824719
4877,73.0,1928.0,7.0,730891.3891183891
4281,55.0,1284.0,5.0,736266.2518735133
3717,55.0,2913.0,12.0,766434.4004500827
872,10.0,1237.0,1.0,562235.65180528
2233,10.0,2796.0,3.0,560761.3212148325
3184,73.0,1467.0,3.0,779074.4402069426
2209,10.0,2416.0,13.0,496756.9323281041
298,82.0,2936.0,8.0,843637.9708572765
3962,10.0,1567.0,7.0,548223.9649412772
3418,82.0,1804.0,3.0,764316.3718136714
2015,46.0,2488.0,14.0,647621.8524644242
1953,46.0,1459.0,11.0,701070.9839110986
1416,10.0,2476.0,8.0,502949.2987274453
2641,28.0,1772.0,1.0,603961.5133498312
2523,82.0,1797.0,1.0,765172.8581415537
3699,37.0,2488.0,1.0,617598.9324644243
1954,73.0,2796.0,7.0,783040.8012148325
2384,1.0,1804.0,4.0,478806.1318136714
1047,28.0,1731.0,10.0,607772.972182472
708,82.0,2074.0,2.0,739834.1612369472
3271,64.0,1772.0,9.0,724263.4333498311
2452,46.0,2796.0,3.0,705479.8812148325
1820,10.0,2163.0,1.0,493486.43259707873
2063,28.0,2135.0,6.0,572254.957966973
3553,10.0,1237.0,11.0,561155.65180528
3551,28.0,2416.0,2.0,576364.8123281042
1057,82.0,1734.0,6.0,772020.5566874628
288,64.0,1459.0,1.0,756773.6039110986
2264,64.0,1731.0,8.0,729104.1321824719
2171,37.0,1804.0,7.0,634534.5718136714
4513,37.0,1804.0,6.0,634651.5718136714
3122,46.0,1567.0,7.0,692500.0849412772
2075,37.0,2796.0,11.0,672666.2412148325
4350,37.0,2913.0,4.0,706870.0604500828
1199,19.0,2118.0,13.0,534222.4124994893
4552,55.0,2163.0,10.0,665918.7825970788
4172,64.0,2118.0,8.0,693890.5124994892
976,55.0,1772.0,13.0,697589.9533498312
284,28.0,1335.0,14.0,639639.1153672726
3357,73.0,1928.0,10.0,730432.3891183891
443,37.0,2700.0,9.0,650568.1314326305
2748,28.0,2476.0,10.0,580758.9787274452
3032,19.0,1346.0,5.0,603466.3569504637
1389,46.0,2043.0,4.0,643924.7027244101
2214,82.0,2700.0,10.0,780222.1314326304
417,37.0,2936.0,13.0,712761.7708572765
2460,1.0,2028.0,14.0,455527.4647340298
2323,19.0,2488.0,2.0,545268.0924644242
4813,10.0,2231.0,3.0,492139.7040008646
1141,10.0,2680.0,11.0,533210.407679752
1347,1.0,1567.0,2.0,505269.9349412772
3606,28.0,2074.0,10.0,574770.2012369471
2758,82.0,2936.0,3.0,844132.9708572765
1184,55.0,2476.0,12.0,675693.4987274453
3762,37.0,2936.0,7.0,713841.7708572765
1127,46.0,2471.0,12.0,646329.0023521412
833,37.0,1783.0,3.0,637266.7758336186
2957,1.0,1237.0,5.0,518690.3218052801
3506,10.0,2105.0,10.0,494983.9037311211
1486,73.0,2796.0,14.0,781717.8012148325
4336,37.0,2074.0,12.0,609030.8612369471
2624,37.0,2471.0,9.0,615119.6123521412
3248,28.0,2118.0,10.0,572420.0324994893
4462,10.0,2105.0,8.0,495307.9037311211
4384,46.0,1731.0,14.0,673244.552182472
902,73.0,2631.0,10.0,746690.7379983788
1701,55.0,1783.0,1.0,697851.7158336187
3608,46.0,1346.0,12.0,706168.7769504638
2232,37.0,2098.0,9.0,608242.7253577651
4324,64.0,1734.0,11.0,728247.4366874628
1087,46.0,1459.0,9.0,701430.9839110986
4684,19.0,1467.0,10.0,596887.2602069426
342,46.0,2488.0,1.0,649376.8524644242
97,73.0,1731.0,2.0,752605.922182472
896,73.0,1783.0,5.0,746484.6558336186
4007,1.0,2231.0,14.0,447037.9140008646
3652,64.0,2680.0,13.0,732297.6076797519
276,82.0,2416.0,8.0,740209.4523281042
4652,55.0,2913.0,8.0,767154.4004500827
2699,10.0,2074.0,6.0,497284.8812369472
1971,1.0,2163.0,7.0,449641.7625970788
3650,82.0,2488.0,3.0,747256.5324644243
998,19.0,1731.0,4.0,570987.182182472
1227,10.0,2488.0,7.0,504337.1724644242
738,73.0,1567.0,7.0,770089.1749412772
4183,64.0,2700.0,9.0,737211.1314326305
2521,55.0,2476.0,10.0,676089.4987274453
1534,28.0,2135.0,10.0,571678.957966973
1560,10.0,2028.0,8.0,500115.98473402974
880,55.0,1567.0,4.0,721576.1149412772
4855,73.0,2476.0,1.0,725954.1787274452
885,64.0,1797.0,11.0,721073.3981415535
4383,19.0,1284.0,5.0,603756.0118735133
4310,10.0,2135.0,2.0,494470.6579669729
878,19.0,2074.0,13.0,536576.5412369472
2463,55.0,1928.0,4.0,682313.3491183892
709,37.0,2231.0,9.0,604252.0740008645
26,10.0,2118.0,9.0,494521.7924994892
1324,82.0,1284.0,9.0,804526.9318735134
4133,73.0,1335.0,13.0,783672.8653672726
2576,55.0,2074.0,7.0,670451.1812369471
4080,64.0,2488.0,4.0,704049.6924644242
3334,1.0,2074.0,4.0,454060.2212369471
1618,1.0,2416.0,5.0,454617.4923281041
2541,46.0,2074.0,1.0,642058.5212369472
3589,10.0,1346.0,14.0,561504.2169504637
2265,19.0,2476.0,11.0,542961.1387274452
385,46.0,1161.0,11.0,699860.6049294312
660,73.0,1284.0,8.0,784674.3718735133
1112,1.0,2501.0,11.0,461680.7999192636
4020,1.0,2074.0,5.0,453979.2212369471
3107,37.0,2105.0,3.0,608529.2537311212
1987,10.0,1731.0,3.0,530592.3921824719
2006,46.0,2135.0,14.0,637223.2579669729
2046,19.0,2796.0,1.0,601386.9612148325
2828,82.0,2936.0,5.0,843988.9708572765
1539,55.0,1467.0,2.0,730327.3802069426
1079,55.0,2936.0,4.0,774859.2508572766
4029,1.0,2074.0,8.0,453628.2212369471
4683,73.0,2098.0,12.0,717151.0053577651
179,10.0,2231.0,12.0,490924.7040008646
3976,10.0,1335.0,8.0,562898.8153672726
1415,73.0,2163.0,4.0,715592.1225970787
1273,19.0,2105.0,10.0,535475.3537311212
3314,37.0,2700.0,11.0,650208.1314326305
2724,46.0,1567.0,14.0,691177.0849412772
458,55.0,2074.0,2.0,670856.1812369471
4439,46.0,2488.0,10.0,648485.8524644242
122,73.0,1567.0,9.0,769801.1749412772
13,46.0,1335.0,7.0,707226.4153672726
4729,1.0,1928.0,3.0,465767.22911838925
1511,19.0,1459.0,11.0,597267.0539110985
2487,46.0,2700.0,7.0,682653.1314326305
3522,46.0,2936.0,1.0,746092.0108572766
2446,73.0,2501.0,10.0,727766.5199192637
3456,10.0,1772.0,7.0,525522.5533498311
2801,46.0,2105.0,2.0,640317.7037311213
4057,1.0,1346.0,7.0,519488.07695046376
3649,64.0,2105.0,11.0,694003.6037311212
712,28.0,2488.0,1.0,582905.0124644242
260,19.0,1467.0,13.0,596266.2602069426
4861,73.0,2476.0,13.0,724442.1787274452
2332,64.0,2074.0,12.0,695504.8412369471
1907,1.0,2135.0,12.0,449800.5079669729
3635,1.0,1797.0,3.0,479659.2881415536
3775,82.0,2105.0,14.0,736403.5037311212
4531,82.0,2118.0,9.0,736814.7524994892
1085,82.0,2476.0,12.0,744780.0187274452
4682,73.0,1734.0,2.0,752262.4966874628
278,55.0,2074.0,8.0,670316.1812369471
1651,55.0,2163.0,7.0,666377.7825970788
4539,64.0,2163.0,10.0,691835.4525970788
2005,82.0,1797.0,6.0,764857.8581415537
472,37.0,1804.0,9.0,634246.5718136714
3914,55.0,1335.0,5.0,736200.5653672726
4894,28.0,1772.0,9.0,603241.5133498312
1187,37.0,2118.0,11.0,606891.6524994893
2526,28.0,1783.0,1.0,602708.3058336186
1528,1.0,2074.0,11.0,453115.2212369471
2556,82.0,2105.0,5.0,737942.5037311212
40,55.0,2105.0,11.0,668092.1537311212
2856,19.0,1567.0,2.0,589071.9949412772
286,55.0,2105.0,3.0,669100.1537311212
4491,10.0,2476.0,3.0,503444.2987274453
3756,73.0,1797.0,12.0,743834.1281415536
2542,37.0,1161.0,9.0,668562.1149294311
4857,55.0,1731.0,10.0,702902.342182472
290,19.0,2700.0,1.0,578946.1314326305
3801,10.0,2074.0,5.0,497383.8812369472
85,37.0,2680.0,9.0,646452.007679752
1197,82.0,2098.0,2.0,738489.8253577651
462,46.0,1346.0,10.0,706564.7769504638
2778,28.0,2476.0,12.0,580362.9787274452
454,28.0,2098.0,10.0,573412.905357765
4014,46.0,2501.0,5.0,650600.2499192636
4128,37.0,1797.0,11.0,634674.2081415536
654,37.0,1804.0,2.0,634939.5718136714
3694,55.0,2488.0,13.0,676726.7724644243
1025,82.0,2231.0,11.0,733506.0240008646
1348,55.0,2416.0,11.0,670626.1323281042
4344,10.0,1284.0,11.0,562474.4518735134
1879,28.0,2163.0,5.0,571347.7725970788
686,82.0,2680.0,4.0,776853.007679752
1296,82.0,2501.0,11.0,747692.6099192636
1026,55.0,2135.0,9.0,667088.4079669729
2333,73.0,2631.0,2.0,747554.7379983788
831,73.0,2231.0,9.0,713775.2340008646
1399,73.0,2700.0,14.0,759225.1314326304
1965,64.0,2163.0,5.0,692510.4525970788
2673,19.0,2476.0,3.0,543969.1387274452
1020,73.0,1797.0,14.0,743366.1281415536
3083,37.0,2028.0,13.0,611876.5447340297
3659,55.0,1567.0,6.0,721396.1149412772
2369,46.0,1772.0,6.0,669989.4733498312
1997,82.0,1284.0,13.0,803734.9318735134
3331,82.0,2913.0,14.0,835170.9104500827
352,1.0,1797.0,5.0,479515.2881415536
1136,82.0,1161.0,1.0,798414.5649294312
2201,46.0,1734.0,12.0,673368.3166874629
2726,19.0,1772.0,13.0,564904.0333498312
71,1.0,2631.0,6.0,481276.4179983788
801,37.0,1335.0,14.0,674229.2653672725
1968,73.0,2700.0,12.0,759693.1314326304
2200,37.0,2416.0,8.0,610512.2523281042
3392,19.0,1731.0,9.0,570402.182182472
2768,10.0,1797.0,12.0,521824.0181415536
3171,1.0,1237.0,6.0,518591.3218052801
1490,1.0,1284.0,5.0,520004.8918735134
1616,37.0,1467.0,8.0,669331.3202069426
306,64.0,2700.0,3.0,737859.1314326305
2600,55.0,2680.0,4.0,707711.407679752
2738,82.0,2231.0,10.0,733695.0240008646
1,28.0,2043.0,9.0,576947.9627244101
2077,82.0,1284.0,5.0,805030.9318735134
3284,73.0,2416.0,12.0,719382.0123281042
3803,55.0,1772.0,11.0,698021.9533498312
4775,82.0,2796.0,2.0,803587.4412148325
2888,82.0,1467.0,8.0,798601.4702069425
1504,46.0,1734.0,7.0,674223.3166874629
98,10.0,1734.0,6.0,530004.0766874629
47,1.0,2936.0,1.0,557840.8108572764
3257,64.0,2231.0,10.0,690597.4440008645
787,82.0,1731.0,9.0,771958.712182472
4179,82.0,2471.0,8.0,744994.562352141
3774,37.0,1731.0,8.0,642722.7621824719
883,28.0,2098.0,4.0,574168.905357765
1814,28.0,2118.0,14.0,571556.0324994893
3723,1.0,2043.0,7.0,455778.35272441007
1932,10.0,1161.0,9.0,556090.6449294311
4011,64.0,1467.0,3.0,756136.4102069426
3849,10.0,2631.0,2.0,525019.2079983788
3044,19.0,2796.0,8.0,600819.9612148325
537,46.0,1731.0,11.0,673919.552182472
1281,73.0,2074.0,12.0,718497.5012369471
513,10.0,1772.0,9.0,525234.5533498311
2993,64.0,2074.0,10.0,695900.8412369471
1110,10.0,1467.0,9.0,556624.2302069425
869,10.0,2118.0,14.0,493486.7924994892
2906,37.0,2471.0,14.0,614084.6123521412
171,19.0,2231.0,5.0,532498.4940008646
3750,1.0,1797.0,13.0,478219.2881415536
697,82.0,2680.0,8.0,776421.007679752
3780,55.0,1734.0,7.0,703017.3766874628
4207,46.0,2231.0,2.0,636699.8640008646
32,37.0,1237.0,14.0,672972.64180528
4132,37.0,1284.0,4.0,675924.1318735133
616,82.0,1567.0,1.0,790552.2049412772
3074,55.0,1804.0,13.0,693971.2918136714
531,19.0,1734.0,6.0,570462.1366874628
490,46.0,1783.0,14.0,667298.2458336187
1365,73.0,2488.0,10.0,726323.6124644242
3922,37.0,2074.0,4.0,610182.8612369471
4249,19.0,1797.0,10.0,562683.7481415536
1460,82.0,2680.0,6.0,776673.007679752
4174,37.0,2796.0,9.0,673026.2412148325
2116,82.0,1783.0,13.0,765239.1258336187
3874,10.0,2043.0,2.0,499585.22272441006
367,10.0,2471.0,1.0,503014.4423521411
3682,37.0,1459.0,5.0,670249.6739110985
4023,55.0,2913.0,10.0,766830.4004500827
1912,1.0,2098.0,4.0,452696.44535776513
2703,19.0,1804.0,3.0,562713.8518136714
3856,19.0,2501.0,10.0,545839.9799192636
415,82.0,2471.0,2.0,745534.562352141
2366,37.0,2936.0,3.0,714201.7708572765
2483,46.0,2043.0,3.0,643987.7027244101
1066,19.0,2163.0,5.0,533767.1025970788
291,73.0,2471.0,6.0,725134.172352141
3007,28.0,2936.0,9.0,678819.5308572765
2391,82.0,1346.0,13.0,803484.3369504637
798,19.0,2231.0,6.0,532399.4940008646
4125,19.0,2476.0,9.0,543321.1387274452
554,55.0,1731.0,7.0,703361.342182472
2701,19.0,1161.0,1.0,597217.1349294311
4004,46.0,2913.0,8.0,738254.2304500827
4043,82.0,1459.0,3.0,799660.2239110986
344,28.0,1467.0,5.0,635080.2902069426
2575,10.0,1284.0,8.0,562987.4518735134
3965,46.0,1459.0,14.0,700395.9839110986
2508,46.0,2501.0,14.0,649061.2499192636
2252,46.0,2105.0,7.0,639912.7037311213
1044,1.0,1804.0,10.0,478050.1318136714
86,73.0,2135.0,8.0,716153.707966973
1284,28.0,2700.0,11.0,615495.1314326305
3124,10.0,2936.0,12.0,600036.0508572765
1100,37.0,1335.0,6.0,675669.2653672725
1532,73.0,1783.0,7.0,746268.6558336186
1544,73.0,2118.0,8.0,716887.1324994892
2093,73.0,2501.0,9.0,727937.5199192637
2092,46.0,1567.0,12.0,691645.0849412772
1795,19.0,1797.0,11.0,562494.7481415536
1763,28.0,1346.0,1.0,641189.4969504637
4679,37.0,1284.0,12.0,674772.1318735133
2008,19.0,2105.0,3.0,536294.3537311212
1731,46.0,1734.0,6.0,674340.3166874629
921,64.0,1346.0,11.0,760978.0569504637
1196,28.0,2680.0,7.0,612028.807679752
4467,64.0,1459.0,11.0,755693.6039110986
3070,1.0,2471.0,9.0,458854.0523521411
3028,73.0,1459.0,8.0,779143.9139110985
2840,46.0,1783.0,12.0,667766.2458336187
769,37.0,2043.0,4.0,612186.8327244101
1765,64.0,1237.0,11.0,759895.6318052801
3420,82.0,2936.0,2.0,844177.9708572765
4856,28.0,1797.0,9.0,600402.4781415536
1791,19.0,2135.0,3.0,534919.8079669729
599,73.0,1567.0,11.0,769441.1749412772
1092,55.0,1734.0,9.0,702729.3766874628
4409,55.0,2135.0,11.0,666728.4079669729
2014,73.0,1804.0,7.0,743904.0118136714
4088,55.0,1237.0,5.0,734926.30180528
1606,64.0,2913.0,8.0,793138.5704500827
3900,1.0,2118.0,3.0,451761.1724994892
2806,1.0,2163.0,11.0,448993.7625970788
1364,28.0,1335.0,10.0,640503.1153672726
675,28.0,2631.0,5.0,602991.7879983787
679,55.0,1335.0,7.0,735984.5653672726
2684,19.0,2471.0,4.0,543403.832352141
3873,10.0,1804.0,3.0,522249.4918136714
4860,55.0,2700.0,4.0,711831.1314326305
1743,28.0,1161.0,2.0,634680.6249294311
200,19.0,2488.0,6.0,544980.0924644242
213,19.0,1928.0,10.0,548815.2691183892
2099,19.0,2098.0,4.0,536594.0853577651
3031,10.0,1459.0,12.0,556626.7439110986
3832,82.0,2105.0,3.0,738086.5037311212
3888,55.0,1734.0,4.0,703314.3766874628
3753,1.0,2118.0,11.0,450753.1724994892
1919,55.0,2074.0,11.0,669803.1812369471
3898,64.0,2488.0,6.0,703869.6924644242
4104,1.0,1797.0,2.0,479704.2881415536
1219,10.0,2936.0,9.0,600603.0508572765
2298,1.0,1772.0,9.0,481857.0733498312
1973,19.0,1459.0,4.0,598212.0539110985
2678,82.0,2098.0,1.0,738516.8253577651
683,19.0,2501.0,3.0,546658.9799192636
4385,82.0,1928.0,10.0,750495.9091183891
3705,64.0,2105.0,3.0,695011.6037311212
466,10.0,1804.0,6.0,522006.4918136714
2936,46.0,1467.0,10.0,700693.3502069425
341,28.0,1237.0,10.0,639255.31180528
2823,46.0,2501.0,3.0,650744.2499192636
4426,19.0,2476.0,12.0,542754.1387274452
2596,73.0,2796.0,13.0,781960.8012148325
2395,28.0,2231.0,12.0,569014.2840008646
3037,1.0,1346.0,5.0,519704.07695046376
114,10.0,2043.0,13.0,498100.22272441006
432,46.0,2631.0,8.0,669138.3679983787
2357,10.0,1335.0,9.0,562745.8153672726
1543,10.0,2796.0,12.0,559546.3212148325
3266,19.0,2631.0,11.0,564504.9979983787
1355,55.0,2028.0,6.0,673630.5847340297
294,10.0,1459.0,4.0,557778.7439110986
3196,19.0,2700.0,4.0,578811.1314326305
3424,46.0,2700.0,5.0,682869.1314326305
3286,37.0,2118.0,13.0,606459.6524994893
3130,19.0,2700.0,10.0,578055.1314326305
807,28.0,2074.0,4.0,575526.2012369471
3727,55.0,1161.0,9.0,728963.0949294312
4248,1.0,2098.0,14.0,451076.44535776513
3899,46.0,1734.0,1.0,674655.3166874629
3080,64.0,1459.0,14.0,755018.6039110986
236,82.0,1928.0,3.0,751314.9091183891
966,55.0,1459.0,12.0,729633.2939110985
2353,37.0,1161.0,12.0,667995.1149294311
569,10.0,1467.0,8.0,556777.2302069425
652,46.0,2043.0,1.0,644059.7027244101
4219,10.0,2631.0,11.0,523966.2079983787
715,28.0,2105.0,2.0,573914.8037311212
2344,55.0,2796.0,4.0,734306.5212148326
2910,73.0,1772.0,6.0,747633.9133498312
439,55.0,2471.0,10.0,675585.3923521412
1368,82.0,2936.0,1.0,844204.9708572765
3716,37.0,1772.0,12.0,637303.9933498312
4734,73.0,1284.0,5.0,785025.3718735133
3353,1.0,2936.0,7.0,557408.8108572764
746,1.0,1567.0,6.0,504981.9349412772
3308,82.0,2936.0,13.0,842692.9708572765
3510,46.0,2501.0,4.0,650681.2499192636
8,64.0,2074.0,5.0,696575.8412369471
4379,46.0,2476.0,12.0,646832.6587274452
3539,10.0,1284.0,3.0,563482.4518735134
2838,37.0,1284.0,2.0,676032.1318735133
327,82.0,2501.0,7.0,748340.6099192636
3389,28.0,1237.0,11.0,639066.31180528
1282,19.0,1161.0,3.0,597145.1349294311
2515,73.0,2796.0,9.0,782752.8012148325
3237,73.0,1783.0,13.0,745188.6558336186
4785,73.0,1783.0,14.0,744945.6558336186
4795,82.0,2231.0,12.0,733299.0240008646
1133,19.0,1467.0,3.0,597706.2602069426
2436,55.0,1731.0,3.0,703721.342182472
4494,55.0,2416.0,8.0,671139.1323281042
2066,82.0,2680.0,7.0,776556.007679752
350,73.0,1734.0,5.0,752073.4966874628
2170,10.0,2471.0,8.0,502447.4423521411
3851,64.0,2680.0,4.0,733674.6076797519
2012,37.0,2416.0,1.0,611079.2523281042
2211,10.0,1772.0,2.0,525927.5533498311
1948,55.0,2631.0,7.0,698148.1579983787
1024,28.0,1467.0,14.0,633541.2902069426
1859,37.0,2476.0,5.0,616126.8187274452
4893,37.0,1734.0,14.0,641190.2566874628
3296,10.0,1237.0,7.0,561803.65180528
1039,37.0,1734.0,13.0,641433.2566874628
4018,73.0,2118.0,9.0,716734.1324994892
2645,82.0,2118.0,4.0,737399.7524994892
1853,82.0,1284.0,12.0,803959.9318735134
4013,28.0,2936.0,6.0,679224.5308572765
340,19.0,2163.0,8.0,533416.1025970788
1019,55.0,2680.0,9.0,707126.407679752
3166,55.0,1346.0,5.0,735998.9169504638
5,73.0,2936.0,4.0,823915.7308572765
2729,28.0,2936.0,4.0,679404.5308572765
725,28.0,2105.0,4.0,573806.8037311212
1942,1.0,2796.0,1.0,517363.6812148326
864,1.0,2416.0,12.0,453546.4923281041
3678,19.0,1772.0,9.0,565696.0333498312
2235,19.0,1346.0,10.0,602791.3569504637
4840,64.0,2631.0,7.0,724106.9479983787
3227,46.0,1783.0,10.0,668162.2458336187
568,46.0,2631.0,7.0,669273.3679983787
4752,37.0,1804.0,1.0,634966.5718136714
2796,10.0,2631.0,6.0,524731.2079983788
323,1.0,2416.0,10.0,453942.4923281041
3431,73.0,1734.0,10.0,751398.4966874628
1918,28.0,1567.0,9.0,625906.0249412772
887,37.0,2028.0,5.0,613172.5447340297
4852,46.0,2098.0,3.0,640633.545357765
4159,19.0,2700.0,5.0,578730.1314326305
2168,46.0,1783.0,13.0,667541.2458336187
2126,19.0,2028.0,9.0,540447.5047340296
3312,37.0,2135.0,5.0,607016.1079669729
2274,19.0,1783.0,3.0,565089.8358336187
287,37.0,1335.0,5.0,675768.2653672725
392,73.0,1567.0,3.0,770449.1749412772
4716,1.0,1237.0,2.0,518879.3218052801
2346,82.0,1734.0,12.0,771048.5566874628
1686,73.0,1237.0,3.0,783820.9618052801
3795,46.0,1928.0,10.0,652745.8291183892
237,64.0,1797.0,12.0,720866.3981415535
544,82.0,1335.0,1.0,805195.0153672725
3972,28.0,2680.0,10.0,611569.807679752
4801,73.0,2680.0,3.0,756784.807679752
2386,55.0,1804.0,1.0,695483.2918136714
938,28.0,1459.0,3.0,635792.3639110986
2219,55.0,2631.0,8.0,698013.1579983787
2966,46.0,2936.0,13.0,744580.0108572766
2789,46.0,1335.0,4.0,707523.4153672726
1381,28.0,1772.0,12.0,602674.5133498312
2325,73.0,2936.0,14.0,822295.7308572765
4061,37.0,1567.0,3.0,661165.0549412773
2054,28.0,2163.0,7.0,571131.7725970788
1070,82.0,2913.0,2.0,836898.9104500827
1549,64.0,1783.0,14.0,721979.1858336186
4303,73.0,1804.0,10.0,743445.0118136714
1424,28.0,2680.0,9.0,611740.807679752
2302,73.0,1928.0,5.0,731107.3891183891
1984,73.0,1797.0,2.0,745094.1281415536
3929,73.0,2476.0,4.0,725819.1787274452
782,73.0,1284.0,12.0,783954.3718735133
786,73.0,2488.0,1.0,727214.6124644242
2879,55.0,1467.0,13.0,728842.3802069426
4033,55.0,2936.0,13.0,773482.2508572766
3350,55.0,2043.0,8.0,672314.5727244101
4689,46.0,2416.0,12.0,641563.6923281042
335,55.0,1731.0,5.0,703577.342182472
3163,55.0,2501.0,9.0,678959.3399192637
559,55.0,2028.0,12.0,672658.5847340297
1386,82.0,1459.0,5.0,799516.2239110986
2659,73.0,1804.0,5.0,744120.0118136714
4066,1.0,1928.0,9.0,465119.22911838925
1101,73.0,1161.0,3.0,778348.0749294312
2495,28.0,1284.0,4.0,641338.5718735134
2002,55.0,2135.0,5.0,667592.4079669729
1638,1.0,2471.0,10.0,458683.0523521411
2969,28.0,2471.0,10.0,580256.222352141
3588,73.0,2936.0,7.0,823618.7308572765
2293,55.0,1467.0,14.0,728599.3802069426
4130,10.0,2118.0,7.0,494809.7924994892
252,10.0,2796.0,2.0,560806.3212148325
4727,10.0,2074.0,4.0,497464.8812369472
3491,19.0,2074.0,6.0,537773.5412369472
3655,28.0,2476.0,9.0,580929.9787274452
3273,10.0,2163.0,3.0,493414.43259707873
1545,82.0,1567.0,8.0,789985.2049412772
2243,82.0,2163.0,14.0,734056.7925970787
4566,10.0,2471.0,14.0,501259.4423521411
3348,64.0,1731.0,14.0,727916.1321824719
656,73.0,1783.0,6.0,746385.6558336186
2714,55.0,2631.0,12.0,697293.1579983787
1760,28.0,2476.0,14.0,579894.9787274452
61,46.0,1161.0,12.0,699653.6049294312
610,1.0,2098.0,3.0,452759.44535776513
4305,1.0,2913.0,6.0,550265.3804500827
4688,73.0,1731.0,11.0,751552.922182472
2127,28.0,1161.0,10.0,633816.6249294311
267,55.0,1459.0,3.0,730848.2939110985
1728,37.0,1284.0,11.0,674979.1318735133
920,64.0,1772.0,7.0,724551.4333498311
1835,73.0,1284.0,11.0,784161.3718735133
29,82.0,1928.0,7.0,750954.9091183891
3740,64.0,2700.0,11.0,736851.1314326305
4825,28.0,1804.0,10.0,599443.2118136714
4707,1.0,1467.0,10.0,513103.20020694257
2435,1.0,1731.0,14.0,485535.602182472
3332,28.0,2416.0,4.0,576256.8123281042
4690,46.0,2471.0,9.0,646896.0023521412
1980,82.0,2471.0,14.0,743806.562352141
2242,82.0,2501.0,9.0,748052.6099192636
1031,10.0,2416.0,11.0,497188.9323281041
3086,55.0,2488.0,14.0,676483.7724644243
1800,73.0,2488.0,8.0,726647.6124644242
3894,64.0,2074.0,13.0,695279.8412369471
4380,64.0,2118.0,3.0,694385.5124994892
3226,1.0,2488.0,6.0,461012.2524644242
3475,46.0,2043.0,5.0,643843.7027244101
4803,73.0,2796.0,5.0,783256.8012148325
2029,28.0,1928.0,12.0,585978.7891183892
441,46.0,2135.0,13.0,637466.2579669729
504,73.0,1804.0,6.0,744021.0118136714
3657,46.0,1731.0,3.0,674927.552182472
1295,64.0,2796.0,11.0,759335.1612148324
1336,82.0,1335.0,8.0,804628.0153672725
4545,73.0,1731.0,14.0,750877.922182472
4456,10.0,2501.0,9.0,505483.8899192636
1648,64.0,2471.0,7.0,701988.7823521411
533,64.0,1928.0,4.0,708208.8691183892
2129,64.0,2680.0,8.0,733242.6076797519
3021,37.0,2028.0,2.0,613361.5447340297
4208,10.0,2043.0,12.0,498325.22272441006
2360,82.0,2416.0,6.0,740461.4523281042
1378,28.0,2501.0,3.0,584270.0699192637
1796,19.0,2631.0,5.0,565368.9979983787
783,73.0,2476.0,8.0,725387.1787274452
3773,1.0,2936.0,13.0,556328.8108572764
2443,10.0,2028.0,3.0,500610.98473402974
4332,46.0,2135.0,4.0,638843.2579669729
485,64.0,1284.0,14.0,760564.8118735134
3159,10.0,1783.0,11.0,523619.3658336187
2979,10.0,1734.0,5.0,530103.0766874629
597,82.0,2700.0,9.0,780393.1314326304
989,46.0,2913.0,1.0,738821.2304500827
994,82.0,2680.0,5.0,776772.007679752
360,55.0,1346.0,9.0,735494.9169504638
4274,37.0,2631.0,13.0,636402.5779983787
3038,37.0,2796.0,3.0,673674.2412148325
1048,55.0,2913.0,9.0,767001.4004500827
4093,55.0,1335.0,14.0,734661.5653672726
45,46.0,2105.0,6.0,640029.7037311213
1599,28.0,2488.0,8.0,582338.0124644242
1294,37.0,1734.0,9.0,642225.2566874628
1316,10.0,2043.0,7.0,499180.22272441006
1192,73.0,2043.0,4.0,721642.3127244101
1787,82.0,1237.0,8.0,803327.29180528
3479,19.0,1804.0,10.0,561894.8518136714
3613,19.0,2098.0,1.0,536729.0853577651
948,73.0,2488.0,6.0,726899.6124644242
1531,82.0,2501.0,12.0,747485.6099192636
4304,55.0,1567.0,7.0,721279.1149412772
3810,64.0,2476.0,9.0,702205.3387274452
4347,19.0,2043.0,10.0,539207.0927244101
4178,46.0,2163.0,1.0,637977.1125970788
2115,37.0,2476.0,11.0,615262.8187274452
2026,73.0,2913.0,8.0,816206.7404500827
580,28.0,2471.0,4.0,581012.222352141
2586,37.0,2700.0,2.0,651261.1314326305
2635,73.0,1731.0,1.0,752632.922182472
765,46.0,2074.0,4.0,641923.5212369472
2458,46.0,1467.0,7.0,701152.3502069425
4640,37.0,1346.0,13.0,674268.6369504638
1659,28.0,2074.0,7.0,575229.2012369471
4050,82.0,1734.0,8.0,771768.5566874628
4415,1.0,1783.0,9.0,480600.8958336187
2294,64.0,2028.0,8.0,699283.1047340297
1677,37.0,2913.0,14.0,705250.0604500828
3432,64.0,2028.0,11.0,698770.1047340297
4608,55.0,1161.0,1.0,729683.0949294312
2372,46.0,2074.0,13.0,640546.5212369472
4407,37.0,2488.0,3.0,617526.9324644243
407,19.0,2416.0,4.0,538653.3723281042
3397,10.0,1783.0,2.0,524672.3658336187
3937,19.0,1284.0,7.0,603540.0118735133
4325,55.0,2501.0,11.0,678599.3399192637
3761,37.0,1804.0,11.0,633886.5718136714
1229,28.0,2105.0,12.0,572654.8037311212
1151,1.0,2471.0,14.0,457819.0523521411
519,19.0,2135.0,2.0,534964.8079669729
1670,46.0,2028.0,1.0,645125.0647340297
3754,37.0,2416.0,6.0,610764.2523281042
4841,55.0,1734.0,13.0,701937.3766874628
1587,82.0,2936.0,9.0,843484.9708572765
1786,55.0,2028.0,1.0,673945.5847340297
285,1.0,2913.0,9.0,549860.3804500827
641,46.0,2680.0,1.0,678967.207679752
3572,28.0,2028.0,5.0,578520.0247340297
506,1.0,1335.0,14.0,518372.66536727257
578,55.0,1804.0,8.0,694916.2918136714
2410,19.0,1335.0,10.0,602996.9653672726
289,73.0,1467.0,1.0,779146.4402069426
2058,73.0,2680.0,2.0,756829.807679752
698,19.0,2043.0,5.0,539882.0927244101
2241,10.0,1284.0,10.0,562663.4518735134
1911,10.0,2501.0,7.0,505771.8899192636
3102,1.0,1734.0,12.0,485658.01668746286
405,28.0,1783.0,9.0,601988.3058336186
2558,28.0,2231.0,14.0,568546.2840008646
3263,10.0,2680.0,12.0,533003.407679752
2052,1.0,1237.0,14.0,517151.3218052801
2997,37.0,1346.0,1.0,675780.6369504638
2867,73.0,2163.0,1.0,715727.1225970787
861,64.0,2476.0,13.0,701413.3387274452
469,10.0,1567.0,13.0,547143.9649412772
2694,37.0,2936.0,12.0,712986.7708572765
305,1.0,1734.0,10.0,486054.01668746286
1190,37.0,2163.0,8.0,605661.4425970789
20,55.0,2231.0,10.0,664674.6540008646
1741,19.0,1731.0,11.0,570042.182182472
3413,73.0,2488.0,5.0,726998.6124644242
2582,55.0,1797.0,4.0,696134.6681415535
2732,28.0,1797.0,8.0,600555.4781415536
2755,64.0,1783.0,6.0,723419.1858336186
3140,64.0,1804.0,13.0,719855.6518136715
2904,10.0,2118.0,13.0,493729.7924994892
3821,19.0,2074.0,10.0,537197.5412369472
3405,28.0,2098.0,11.0,573223.905357765
337,19.0,1804.0,6.0,562470.8518136714
3562,1.0,1284.0,13.0,518708.8918735134
3994,64.0,1467.0,13.0,754696.4102069426
2924,28.0,1772.0,7.0,603529.5133498312
1495,46.0,2105.0,9.0,639624.7037311213
1238,10.0,2416.0,8.0,497701.9323281041
4551,46.0,2631.0,4.0,669570.3679983787
3313,82.0,2416.0,9.0,740056.4523281042
1996,37.0,2231.0,12.0,603685.0740008645
3771,64.0,2501.0,3.0,705554.4299192637
995,64.0,2098.0,3.0,695371.1853577651
4435,10.0,1335.0,6.0,563150.8153672726
3034,82.0,2700.0,11.0,780033.1314326304
4298,1.0,2796.0,10.0,516472.6812148326
1131,82.0,1459.0,4.0,799597.2239110986
3686,10.0,2135.0,11.0,493417.6579669729
2841,19.0,1237.0,12.0,601361.9818052801
2137,10.0,2913.0,14.0,592305.5504500828
2943,46.0,1161.0,4.0,700805.6049294312
838,64.0,1783.0,7.0,723302.1858336186
1736,64.0,1335.0,1.0,762258.7153672726
1198,46.0,2098.0,8.0,640138.545357765
3651,28.0,1567.0,6.0,626311.0249412772
3721,73.0,2700.0,7.0,760548.1314326304
1261,82.0,2043.0,2.0,741824.1827244101
2278,10.0,2074.0,9.0,496879.8812369472
2782,19.0,2074.0,2.0,538061.5412369472
4770,73.0,2913.0,9.0,816053.7404500827
88,19.0,2074.0,12.0,536801.5412369472
3291,19.0,1783.0,12.0,563874.8358336187
1065,1.0,2913.0,2.0,550553.3804500827
4561,1.0,2471.0,5.0,459358.0523521411
889,19.0,1731.0,13.0,569610.182182472
1877,19.0,1731.0,14.0,569367.182182472
4083,10.0,2680.0,2.0,534263.407679752
170,64.0,2501.0,10.0,704735.4299192637
3966,64.0,1346.0,9.0,761338.0569504637
2001,10.0,2796.0,14.0,559078.3212148325
4364,73.0,2501.0,2.0,728630.5199192637
2836,19.0,2796.0,13.0,599874.9612148325
1708,19.0,2098.0,2.0,536702.0853577651
4872,46.0,2476.0,6.0,647804.6587274452
2290,46.0,2163.0,3.0,637905.1125970788
815,1.0,1731.0,2.0,487263.602182472
2554,82.0,2043.0,11.0,740771.1827244101
299,73.0,2043.0,6.0,721462.3127244101
265,19.0,2163.0,14.0,532228.1025970788
4736,1.0,2043.0,14.0,454455.35272441007
620,37.0,1797.0,2.0,635727.2081415536
3540,55.0,2501.0,6.0,679364.3399192637
1634,64.0,2163.0,3.0,692654.4525970788
321,82.0,2163.0,1.0,735811.7925970787
4193,1.0,2416.0,2.0,454806.4923281041
2851,46.0,2680.0,12.0,677680.207679752
389,19.0,1567.0,7.0,588666.9949412772
4071,55.0,2105.0,12.0,667885.1537311212
3944,10.0,2231.0,1.0,492211.7040008646
1169,37.0,1731.0,9.0,642569.7621824719
3532,19.0,1797.0,12.0,562287.7481415536
4899,1.0,1783.0,2.0,481293.8958336187
1373,19.0,1467.0,6.0,597463.2602069426
3403,82.0,1783.0,11.0,765671.1258336187
1679,19.0,2488.0,5.0,545079.0924644242
4838,82.0,2135.0,9.0,736082.8579669729
3010,64.0,2488.0,8.0,703617.6924644242
4138,10.0,1284.0,5.0,563338.4518735134
4445,64.0,2135.0,8.0,693155.5579669729
3601,55.0,2936.0,14.0,773239.2508572766
4227,19.0,1783.0,13.0,563649.8358336187
1810,46.0,2163.0,9.0,637257.1125970788
2223,37.0,2074.0,3.0,610245.8612369471
4671,10.0,2936.0,14.0,599568.0508572765
3338,37.0,2043.0,12.0,611034.8327244101
6,37.0,2231.0,4.0,604837.0740008645
4356,64.0,1731.0,10.0,728780.1321824719
1357,37.0,2163.0,6.0,605913.4425970789
197,73.0,1772.0,8.0,747381.9133498312
318,1.0,2028.0,11.0,456202.4647340298
3219,10.0,2476.0,1.0,503516.2987274453
3827,46.0,2501.0,13.0,649304.2499192636
2117,82.0,1567.0,14.0,788797.2049412772
2545,73.0,2936.0,2.0,824023.7308572765
2839,37.0,1467.0,10.0,669007.3202069426
1647,46.0,2135.0,7.0,638546.2579669729
3903,82.0,1734.0,2.0,772308.5566874628
3868,10.0,1467.0,3.0,557272.2302069425
4329,82.0,2471.0,7.0,745129.562352141
581,46.0,1783.0,3.0,668981.2458336187
1733,1.0,1346.0,3.0,519848.07695046376
3515,82.0,2631.0,8.0,767141.5279983788
4843,82.0,1928.0,4.0,751251.9091183891
1258,1.0,1928.0,2.0,465812.22911838925
2568,73.0,2231.0,14.0,712740.2340008646
1142,73.0,2913.0,1.0,816773.7404500827
3337,19.0,2631.0,13.0,564072.9979983787
1434,64.0,2631.0,12.0,723251.9479983787
644,37.0,1284.0,8.0,675492.1318735133
682,82.0,1335.0,13.0,803683.0153672725
1636,19.0,2501.0,9.0,546010.9799192636
3777,55.0,1928.0,3.0,682376.3491183892
680,55.0,2043.0,1.0,672881.5727244101
2335,37.0,2488.0,11.0,616518.9324644243
2889,10.0,2936.0,4.0,601188.0508572765
4255,55.0,1467.0,1.0,730354.3802069426
1567,19.0,2631.0,8.0,565017.9979983787
4603,10.0,2163.0,13.0,491974.43259707873
1962,10.0,1567.0,5.0,548439.9649412772
217,73.0,1731.0,9.0,751912.922182472
3245,28.0,1804.0,1.0,600334.2118136714
2427,19.0,1734.0,14.0,569022.1366874628
2071,28.0,2416.0,6.0,576076.8123281042
3404,82.0,2501.0,10.0,747881.6099192636
2119,37.0,2043.0,9.0,611601.8327244101
3751,28.0,1567.0,11.0,625546.0249412772
4048,1.0,1237.0,10.0,518015.3218052801
2091,64.0,1783.0,9.0,723014.1858336186
2739,73.0,2135.0,11.0,715640.707966973
2603,46.0,1346.0,2.0,707428.7769504638
866,55.0,2631.0,2.0,698553.1579983787
292,82.0,2074.0,10.0,738970.1612369472
1632,37.0,1335.0,1.0,675984.2653672725
3607,46.0,1459.0,6.0,701835.9839110986
1201,82.0,1567.0,3.0,790480.2049412772
3199,1.0,1797.0,11.0,478651.2881415536
377,64.0,1346.0,12.0,760771.0569504637
132,55.0,2936.0,3.0,774922.2508572766
256,73.0,1335.0,14.0,783429.8653672726
1639,73.0,2700.0,8.0,760413.1314326304
3225,37.0,1797.0,10.0,634863.2081415536
4372,64.0,2501.0,6.0,705311.4299192637
1124,10.0,2796.0,11.0,559753.3212148325
1746,46.0,1237.0,14.0,704637.9718052801
854,10.0,2936.0,1.0,601323.0508572765
1588,19.0,1335.0,11.0,602807.9653672726
31,64.0,2105.0,1.0,695083.6037311212
3136,64.0,1161.0,2.0,755482.5849294312
383,37.0,1804.0,5.0,634750.5718136714
3615,37.0,1731.0,4.0,643154.7621824719
2421,55.0,2416.0,5.0,671490.1323281042
2805,46.0,2163.0,4.0,637842.1125970788
1011,19.0,2074.0,8.0,537521.5412369472
1627,19.0,2135.0,4.0,534856.8079669729
2073,46.0,1335.0,8.0,707091.4153672726
969,1.0,1335.0,3.0,520055.66536727257
1737,10.0,1928.0,2.0,509203.7491183892
1564,73.0,2913.0,5.0,816557.7404500827
4643,19.0,2680.0,13.0,573321.6076797519
3957,46.0,1335.0,9.0,706938.4153672726
1314,1.0,2163.0,9.0,449353.7625970788
4532,46.0,2796.0,14.0,703796.8812148325
732,10.0,1161.0,2.0,556783.6449294311
227,37.0,1928.0,8.0,621342.3091183892
2669,37.0,1335.0,2.0,675957.2653672725
268,37.0,1928.0,10.0,621018.3091183892
4637,82.0,1346.0,5.0,804780.3369504637
2358,46.0,2476.0,2.0,648092.6587274452
1883,64.0,2488.0,9.0,703464.6924644242
3368,10.0,2488.0,14.0,503014.1724644242
1072,1.0,2118.0,7.0,451401.1724994892
4194,37.0,1237.0,5.0,674511.64180528
1864,82.0,2631.0,9.0,766988.5279983788
4076,10.0,1797.0,9.0,522391.0181415536
3406,82.0,2680.0,10.0,776097.007679752
1214,46.0,2416.0,3.0,642778.6923281042
1492,46.0,2416.0,4.0,642715.6923281042
105,55.0,2028.0,4.0,673810.5847340297
3324,55.0,1567.0,12.0,720424.1149412772
1436,10.0,1804.0,14.0,520566.4918136714
3141,55.0,2680.0,12.0,706559.407679752
3269,82.0,2074.0,1.0,739861.1612369472
3215,1.0,2416.0,4.0,454698.4923281041
401,64.0,1284.0,3.0,762247.8118735134
613,28.0,1772.0,10.0,603070.5133498312
1248,19.0,2476.0,14.0,542286.1387274452
4077,46.0,2680.0,7.0,678535.207679752
997,46.0,1928.0,6.0,653321.8291183892
632,28.0,2231.0,7.0,569869.2840008646
835,1.0,1797.0,9.0,479011.2881415536
922,28.0,1237.0,14.0,638391.31180528
1991,19.0,2163.0,12.0,532696.1025970788
2565,73.0,1797.0,9.0,744401.1281415536
4136,28.0,1467.0,13.0,633784.2902069426
2188,64.0,1734.0,10.0,728436.4366874628
1861,82.0,2163.0,9.0,735091.7925970787
1904,19.0,1237.0,7.0,602216.9818052801
3667,19.0,2028.0,1.0,541167.5047340296
4808,19.0,1237.0,2.0,602621.9818052801
4455,10.0,1459.0,1.0,557913.7439110986
999,73.0,1284.0,3.0,785169.3718735133
4365,19.0,1734.0,9.0,570057.1366874628
2849,19.0,2118.0,6.0,535419.4124994893
4692,73.0,2471.0,12.0,724162.172352141
145,55.0,2631.0,3.0,698508.1579983787
2086,28.0,2231.0,13.0,568789.2840008646
1301,28.0,2416.0,7.0,575959.8123281042
1237,10.0,1928.0,7.0,508798.7491183892
1137,19.0,1731.0,6.0,570807.182182472
3236,28.0,1783.0,13.0,601196.3058336186
1678,1.0,2416.0,9.0,454113.4923281041
123,64.0,2163.0,9.0,692006.4525970788
15,37.0,1731.0,10.0,642398.7621824719
1890,19.0,1284.0,12.0,602685.0118735133
2705,1.0,1161.0,11.0,512408.1549294312
2610,73.0,2936.0,5.0,823834.7308572765
1710,28.0,2118.0,9.0,572591.0324994893
2535,46.0,1567.0,3.0,692860.0849412772
2756,55.0,1567.0,14.0,719956.1149412772
3087,28.0,2135.0,7.0,572137.957966973
4280,82.0,2231.0,3.0,734514.0240008646
1291,82.0,2913.0,3.0,836853.9104500827
1598,28.0,1731.0,8.0,608096.972182472
4817,55.0,1734.0,2.0,703422.3766874628
1266,82.0,1783.0,8.0,766184.1258336187
4609,55.0,2680.0,5.0,707630.407679752
2062,46.0,2074.0,10.0,641167.5212369472
607,1.0,2501.0,9.0,462040.7999192636
2567,19.0,2501.0,14.0,544975.9799192636
433,82.0,2074.0,11.0,738781.1612369472
4028,46.0,1804.0,10.0,665791.9318136714
2173,10.0,2118.0,4.0,495106.7924994892
4142,73.0,1567.0,5.0,770305.1749412772
3275,64.0,2028.0,5.0,699634.1047340297
631,1.0,1346.0,6.0,519605.07695046376
3395,82.0,2105.0,2.0,738131.5037311212
630,55.0,1237.0,6.0,734827.30180528
2623,28.0,2416.0,12.0,575104.8123281042
2380,37.0,2118.0,14.0,606216.6524994893
2814,64.0,1467.0,8.0,755641.4102069426
4589,10.0,1783.0,8.0,524132.3658336187
4181,46.0,1346.0,9.0,706735.7769504638
2847,64.0,2488.0,7.0,703752.6924644242
991,19.0,1783.0,9.0,564441.8358336187
2941,37.0,1459.0,13.0,668953.6739110985
3060,10.0,1928.0,4.0,509095.7491183892
4497,73.0,1467.0,4.0,779011.4402069426
1309,64.0,1783.0,4.0,723599.1858336186
3882,55.0,1237.0,10.0,734251.30180528
4471,37.0,2796.0,6.0,673431.2412148325
2133,28.0,1567.0,2.0,626599.0249412772
2861,73.0,1731.0,6.0,752317.922182472
1683,28.0,1783.0,6.0,602393.3058336186
2740,1.0,2631.0,14.0,479836.4179983788
3656,82.0,2501.0,6.0,748457.6099192636
3531,64.0,1284.0,4.0,762184.8118735134
965,1.0,1284.0,10.0,519329.8918735134
2340,64.0,1467.0,7.0,755776.4102069426
3947,37.0,2488.0,6.0,617283.9324644243
914,10.0,2488.0,1.0,504769.1724644242
624,73.0,2231.0,2.0,714468.2340008646
2049,28.0,2631.0,4.0,603072.7879983787
1553,1.0,2476.0,14.0,458320.4587274453
2468,28.0,2105.0,13.0,572429.8037311212
270,46.0,1284.0,14.0,705973.6918735134
2112,1.0,2118.0,2.0,451806.1724994892
4251,55.0,1284.0,4.0,736347.2518735133
2193,10.0,1284.0,9.0,562834.4518735134
4404,37.0,1335.0,7.0,675552.2653672725
3115,37.0,1467.0,2.0,669871.3202069426
805,10.0,2913.0,1.0,594060.5504500828
4537,46.0,1346.0,8.0,706888.7769504638
2998,1.0,2231.0,1.0,448792.9140008646
2326,73.0,2680.0,9.0,756136.807679752
421,37.0,1335.0,11.0,674904.2653672725
2783,1.0,2135.0,9.0,450367.5079669729
1185,73.0,2028.0,8.0,722271.6247340296
1059,28.0,1567.0,10.0,625735.0249412772
3349,1.0,1459.0,4.0,514429.4339110986
263,28.0,1731.0,2.0,608636.972182472
924,73.0,2135.0,9.0,716000.707966973
2667,37.0,1804.0,14.0,633211.5718136714
1635,19.0,1467.0,12.0,596491.2602069426
723,10.0,1734.0,10.0,529428.0766874629
928,19.0,2135.0,14.0,533236.8079669729
3061,1.0,2476.0,4.0,459940.4587274453
4293,82.0,2105.0,13.0,736646.5037311212
1234,55.0,2913.0,4.0,767586.4004500827
62,1.0,2118.0,10.0,450942.1724994892
3852,1.0,2796.0,14.0,515608.6812148326
4110,1.0,1734.0,7.0,486513.01668746286
3584,55.0,1928.0,14.0,680693.3491183892
2032,64.0,2105.0,8.0,694516.6037311212
4761,19.0,1237.0,10.0,601757.9818052801
3355,64.0,2913.0,2.0,793678.5704500827
3472,19.0,2936.0,6.0,641574.2908572765
2456,37.0,2098.0,4.0,608827.7253577651
3391,73.0,1734.0,7.0,751857.4966874628
3216,46.0,2416.0,1.0,642850.6923281042
2216,1.0,2913.0,3.0,550508.3804500827
4067,55.0,2043.0,11.0,671801.5727244101
529,1.0,2700.0,5.0,494724.1314326305
3815,1.0,1783.0,1.0,481320.8958336187
3321,37.0,1734.0,5.0,642729.2566874628
2530,46.0,2471.0,3.0,647544.0023521412
3079,64.0,1284.0,11.0,761239.8118735134
2887,10.0,2488.0,5.0,504553.1724644242
2951,73.0,2098.0,5.0,718222.0053577651
1280,10.0,1467.0,2.0,557317.2302069425
1149,82.0,2231.0,4.0,734451.0240008646
572,46.0,1928.0,11.0,652556.8291183892
1186,19.0,1161.0,2.0,597190.1349294311
552,46.0,2231.0,10.0,635835.8640008646
2651,82.0,2488.0,1.0,747328.5324644243
978,37.0,2471.0,13.0,614327.6123521412
1419,64.0,2936.0,11.0,799900.4908572766
4396,64.0,2105.0,4.0,694948.6037311212
3029,73.0,2680.0,10.0,755965.807679752
1656,37.0,1161.0,2.0,669255.1149294311
1555,28.0,1335.0,11.0,640314.1153672726
1526,46.0,1284.0,12.0,706441.6918735134
894,19.0,1734.0,4.0,570642.1366874628
1872,37.0,2680.0,6.0,646857.007679752
1508,73.0,2471.0,5.0,725233.172352141
1665,82.0,2098.0,12.0,737229.8253577651
1115,19.0,2936.0,11.0,640809.2908572765
363,46.0,1804.0,5.0,666466.9318136714
2266,37.0,1797.0,13.0,634242.2081415536
4148,37.0,1772.0,11.0,637510.9933498312
1552,19.0,2043.0,4.0,539963.0927244101
859,64.0,1237.0,10.0,760084.6318052801
2628,55.0,2796.0,8.0,733874.5212148326
662,10.0,2471.0,12.0,501727.4423521411
1781,55.0,2163.0,5.0,666593.7825970788
3527,46.0,1567.0,8.0,692365.0849412772
2649,64.0,2631.0,8.0,723971.9479983787
2631,82.0,1804.0,14.0,762633.3718136714
3709,46.0,2231.0,13.0,635214.8640008646
830,64.0,1731.0,5.0,729455.1321824719
1805,82.0,1237.0,10.0,803003.29180528
3884,28.0,1284.0,6.0,641158.5718735134
3161,64.0,2476.0,8.0,702358.3387274452
2916,10.0,2163.0,10.0,492595.43259707873
917,46.0,1928.0,4.0,653501.8291183892
4710,37.0,2043.0,14.0,610566.8327244101
3055,55.0,2471.0,3.0,676404.3923521412
4431,28.0,2488.0,5.0,582689.0124644242
2097,82.0,1161.0,9.0,797694.5649294312
4735,82.0,2680.0,13.0,775476.007679752
4588,55.0,1804.0,9.0,694763.2918136714
4535,1.0,1567.0,13.0,503784.9349412772
2057,28.0,2231.0,3.0,570229.2840008646
696,64.0,1346.0,7.0,761626.0569504637
974,64.0,2501.0,14.0,703871.4299192637
1474,55.0,2163.0,1.0,666809.7825970788
530,19.0,2680.0,3.0,574761.6076797519
2273,10.0,1459.0,5.0,557697.7439110986
3110,73.0,1734.0,12.0,751002.4966874628
2619,55.0,2098.0,3.0,669460.3653577651
2721,19.0,1567.0,8.0,588531.9949412772
2208,73.0,1772.0,13.0,746436.9133498312
1427,1.0,2501.0,10.0,461869.7999192636
1832,64.0,1346.0,2.0,762031.0569504637
3024,64.0,2231.0,8.0,690921.4440008645
4844,46.0,2105.0,1.0,640344.7037311213
2737,28.0,2471.0,12.0,579860.222352141
4247,46.0,1346.0,7.0,707023.7769504638
2438,19.0,1731.0,10.0,570231.182182472
1823,82.0,2118.0,10.0,736643.7524994892
2620,37.0,1467.0,4.0,669763.3202069426
2708,82.0,2501.0,5.0,748556.6099192636
585,64.0,2631.0,1.0,724538.9479983787
2442,37.0,2680.0,14.0,645417.007679752
2132,28.0,2700.0,8.0,616008.1314326305
358,55.0,2118.0,2.0,668517.8924994892
4215,37.0,2471.0,5.0,615623.6123521412
3162,46.0,2796.0,5.0,705335.8812148325
4288,28.0,1567.0,12.0,625339.0249412772
3154,28.0,1804.0,7.0,599902.2118136714
4758,82.0,2163.0,4.0,735676.7925970787
3582,1.0,2098.0,12.0,451544.44535776513
939,1.0,2098.0,5.0,452615.44535776513
494,19.0,2118.0,10.0,534843.4124994893
4006,55.0,1335.0,13.0,734904.5653672726
3146,64.0,2163.0,7.0,692294.4525970788
1049,46.0,2028.0,11.0,644045.0647340297
1038,10.0,1467.0,11.0,556264.2302069425
3247,1.0,2074.0,2.0,454168.2212369471
481,82.0,1467.0,13.0,797656.4702069425
1891,19.0,1459.0,6.0,598032.0539110985
988,55.0,2098.0,11.0,668452.3653577651
2288,64.0,2118.0,1.0,694457.5124994892
58,19.0,1567.0,13.0,587586.9949412772
3036,28.0,2074.0,2.0,575634.2012369471
1640,82.0,2118.0,8.0,736967.7524994892
873,1.0,2135.0,3.0,451015.5079669729
482,64.0,1459.0,12.0,755486.6039110986
1330,64.0,1797.0,9.0,721433.3981415535
1562,1.0,1459.0,8.0,513997.4339110986
4725,64.0,2936.0,7.0,800548.4908572766
2148,73.0,2135.0,7.0,716288.707966973
3147,64.0,2913.0,10.0,792814.5704500827
1403,1.0,1772.0,3.0,482505.0733498312
3175,73.0,2135.0,10.0,715829.707966973
596,28.0,1928.0,10.0,586374.7891183892
940,82.0,1731.0,12.0,771391.712182472
4212,55.0,2163.0,4.0,666674.7825970788
4650,19.0,1346.0,12.0,602395.3569504637
1619,1.0,2098.0,1.0,452831.44535776513
767,46.0,2163.0,5.0,637761.1125970788
1406,37.0,2501.0,6.0,618722.1599192637
408,10.0,2913.0,12.0,592773.5504500828
3591,73.0,2118.0,3.0,717382.1324994892
2566,73.0,1567.0,14.0,768766.1749412772
1704,28.0,2680.0,12.0,611173.807679752
3167,73.0,2936.0,13.0,822538.7308572765
3473,46.0,1804.0,7.0,666250.9318136714
695,64.0,2796.0,2.0,760388.1612148324
2790,37.0,2098.0,6.0,608647.7253577651
247,55.0,2476.0,1.0,676980.4987274453
2909,28.0,2700.0,10.0,615684.1314326305
2459,1.0,1804.0,2.0,478914.1318136714
3189,28.0,1459.0,2.0,635837.3639110986
3063,28.0,1237.0,13.0,638634.31180528
3333,46.0,1567.0,4.0,692797.0849412772
4562,73.0,1928.0,9.0,730603.3891183891
4108,10.0,2043.0,1.0,499612.22272441006
4480,46.0,2501.0,8.0,650249.2499192636
3764,10.0,1928.0,10.0,508339.7491183892
3503,73.0,1467.0,11.0,778066.4402069426
3611,82.0,2488.0,9.0,746608.5324644243
1664,37.0,2163.0,4.0,606093.4425970789
4867,1.0,2105.0,6.0,452152.4537311212
2280,28.0,1797.0,4.0,600987.4781415536
4554,37.0,2231.0,1.0,604972.0740008645
2370,64.0,2501.0,9.0,704906.4299192637
1558,1.0,2118.0,4.0,451698.1724994892
3563,1.0,1731.0,5.0,487074.602182472
1154,37.0,1567.0,13.0,659725.0549412773
2728,82.0,1731.0,13.0,771166.712182472
2639,1.0,2471.0,12.0,458287.0523521411
2450,82.0,1804.0,8.0,763821.3718136714
172,28.0,1346.0,8.0,640622.4969504637
2406,55.0,1346.0,3.0,736142.9169504638
182,64.0,2488.0,11.0,703104.6924644242
1311,73.0,2488.0,12.0,725927.6124644242
2664,1.0,2476.0,3.0,460003.4587274453
3100,64.0,1804.0,14.0,719612.6518136715
3785,64.0,2700.0,13.0,736419.1314326305
437,55.0,2416.0,9.0,670986.1323281042
174,19.0,1467.0,7.0,597346.2602069426
1813,28.0,2471.0,3.0,581075.222352141
668,46.0,1772.0,5.0,670088.4733498312
3671,10.0,2135.0,14.0,492742.6579669729
867,46.0,1797.0,14.0,665714.9381415535
637,46.0,1567.0,6.0,692617.0849412772
23,46.0,2416.0,11.0,641770.6923281042
716,55.0,2231.0,6.0,665250.6540008646
583,19.0,2163.0,11.0,532903.1025970788
2679,19.0,1797.0,6.0,563259.7481415536
2974,64.0,2043.0,2.0,698760.4427244101
1720,46.0,1161.0,10.0,700049.6049294312
446,1.0,2231.0,4.0,448657.9140008646
3045,10.0,1772.0,8.0,525387.5533498311
4750,19.0,2680.0,5.0,574617.6076797519
4267,55.0,2118.0,13.0,667032.8924994892
4660,19.0,1797.0,8.0,563007.7481415536
1689,82.0,2416.0,12.0,739489.4523281042
3131,37.0,2913.0,7.0,706573.0604500828
553,37.0,2700.0,4.0,651153.1314326305
1855,1.0,2488.0,3.0,461255.2524644242
1711,73.0,2028.0,11.0,721758.6247340296
2876,28.0,1459.0,7.0,635432.3639110986
4469,19.0,1783.0,11.0,564081.8358336187
941,1.0,2700.0,4.0,494805.1314326305
189,82.0,2105.0,6.0,737843.5037311212
4311,64.0,1346.0,13.0,760546.0569504637
4636,64.0,1237.0,8.0,760408.6318052801
2869,64.0,1734.0,2.0,729300.4366874628
3549,28.0,2163.0,2.0,571536.7725970788
690,19.0,1161.0,9.0,596497.1349294311
4062,1.0,2105.0,5.0,452251.4537311212
1446,1.0,1731.0,1.0,487290.602182472
4221,73.0,2098.0,13.0,716926.0053577651
3440,64.0,1797.0,2.0,722126.3981415535
1936,55.0,1237.0,12.0,733855.30180528
4434,46.0,2501.0,7.0,650384.2499192636
2878,10.0,1459.0,7.0,557481.7439110986
3328,19.0,2700.0,9.0,578226.1314326305
414,64.0,2105.0,2.0,695056.6037311212
657,55.0,1237.0,9.0,734422.30180528
1541,64.0,1459.0,8.0,756206.6039110986
2064,19.0,1734.0,8.0,570210.1366874628
4641,28.0,2936.0,13.0,678027.5308572765
3020,1.0,2135.0,1.0,451087.5079669729
748,37.0,2680.0,10.0,646281.007679752
1846,1.0,2700.0,3.0,494868.1314326305
901,1.0,2476.0,6.0,459760.4587274453
927,37.0,2074.0,11.0,609237.8612369471
3921,82.0,2488.0,10.0,746437.5324644243
219,73.0,1467.0,5.0,778930.4402069426
3890,10.0,2118.0,3.0,495169.7924994892
470,73.0,1335.0,7.0,784752.8653672726
1307,28.0,1567.0,3.0,626554.0249412772
1924,64.0,1467.0,5.0,755992.4102069426
486,10.0,1161.0,8.0,556243.6449294311
4056,19.0,2796.0,5.0,601170.9612148325
2602,46.0,1804.0,11.0,665602.9318136714
4378,46.0,2098.0,2.0,640678.545357765
3585,28.0,2231.0,11.0,569221.2840008646
4413,46.0,2118.0,8.0,639149.2724994892
1329,1.0,1346.0,9.0,519200.07695046376
4368,73.0,1161.0,14.0,776665.0749294312
3487,55.0,1797.0,12.0,694982.6681415535
2925,82.0,1928.0,6.0,751071.9091183891
1694,82.0,2796.0,13.0,802102.4412148325
2520,1.0,1459.0,2.0,514537.4339110986
1613,28.0,1731.0,1.0,608663.972182472
4874,19.0,1772.0,6.0,566101.0333498312
150,55.0,2471.0,8.0,675909.3923521412
2882,1.0,1928.0,10.0,464948.22911838925
916,1.0,2231.0,5.0,448576.9140008646
3022,37.0,2501.0,1.0,619037.1599192637
75,19.0,2098.0,5.0,536513.0853577651
21,82.0,1783.0,9.0,766031.1258336187
1834,82.0,1237.0,1.0,803894.29180528
780,19.0,1797.0,3.0,563502.7481415536
249,46.0,2163.0,11.0,636897.1125970788
918,73.0,1346.0,7.0,784553.1969504637
1527,55.0,1797.0,1.0,696269.6681415535
84,82.0,2631.0,14.0,765953.5279983788
1901,73.0,1459.0,6.0,779395.9139110985
2971,82.0,1772.0,2.0,767971.3933498312
3341,19.0,2074.0,11.0,537008.5412369472
4087,37.0,2105.0,1.0,608601.2537311212
4414,1.0,2105.0,9.0,451747.4537311212
90,28.0,1335.0,1.0,641394.1153672726
3279,10.0,2488.0,10.0,503878.1724644242
222,10.0,1346.0,7.0,562827.2169504637
1443,19.0,2488.0,12.0,544008.0924644242
1780,19.0,2163.0,10.0,533092.1025970788
4222,37.0,1346.0,11.0,674700.6369504638
2657,55.0,2680.0,2.0,707819.407679752
1046,82.0,1772.0,9.0,767278.3933498312
2894,46.0,2700.0,14.0,681330.1314326305
3132,37.0,2501.0,5.0,618821.1599192637
395,1.0,1783.0,8.0,480753.8958336187
1106,64.0,2074.0,7.0,696359.8412369471
2741,82.0,1284.0,11.0,804166.9318735134
1343,37.0,2631.0,14.0,636159.5779983787
908,37.0,1567.0,6.0,660922.0549412773
214,46.0,2028.0,5.0,644909.0647340297
2256,19.0,2105.0,9.0,535646.3537311212
884,82.0,1459.0,8.0,799165.2239110986
1698,46.0,1731.0,1.0,674999.552182472
3001,46.0,2913.0,14.0,737066.2304500827
2142,28.0,1335.0,8.0,640827.1153672726
1113,55.0,2913.0,14.0,765966.4004500827
2908,55.0,1731.0,11.0,702713.342182472
148,55.0,1772.0,3.0,699029.9533498312
1392,73.0,2631.0,7.0,747149.7379983788
3725,82.0,1804.0,9.0,763668.3718136714
2184,55.0,1772.0,9.0,698381.9533498312
100,19.0,1734.0,2.0,570750.1366874628
4464,82.0,1161.0,6.0,798099.5649294312
4069,64.0,1237.0,1.0,760975.6318052801
4575,55.0,1772.0,5.0,698885.9533498312
4160,37.0,1928.0,2.0,621882.3091183892
4447,73.0,1459.0,7.0,779278.9139110985
4228,73.0,2105.0,7.0,717647.0537311212
4701,73.0,1346.0,6.0,784670.1969504637
4190,28.0,2488.0,6.0,582590.0124644242
1082,19.0,1284.0,3.0,603900.0118735133
520,82.0,2231.0,14.0,732831.0240008646
2320,19.0,1731.0,3.0,571050.182182472
2536,64.0,2476.0,3.0,702853.3387274452
929,10.0,1459.0,10.0,557022.7439110986
2687,19.0,2043.0,6.0,539783.0927244101
4386,19.0,1783.0,7.0,564729.8358336187
1963,28.0,2796.0,13.0,637512.6012148325
3064,1.0,1335.0,5.0,519911.66536727257
3325,28.0,2098.0,1.0,574303.905357765
215,10.0,1237.0,6.0,561920.65180528
2843,19.0,2476.0,2.0,544014.1387274452
57,73.0,1346.0,14.0,783230.1969504637
1091,73.0,1237.0,10.0,783001.9618052801
2248,1.0,1567.0,4.0,505161.9349412772
3647,64.0,2135.0,11.0,692642.5579669729
2317,55.0,1237.0,2.0,735115.30180528
